julia-function-splitting: julia_straight_expr_0: formed 1 regions insts min/med/max=188/188/188 cuts(target/clamp)=0/1 growfail(blocks/size/stuck)=0/0/1
julia-function-splitting: privatized 0/0 tracked buffers (rejected: 0 shape, 0 coverage; rest store-only/odd-size)
julia-function-splitting: julia_straight_expr_0: top level has 1 nodes
julia-function-splitting: times(ms) chunk=0 form=0 group=0 process=0 [remat=0 ce=0 io=0 spill=0] insts=71 iface(in avg/max=9/9 out avg/max=0/0 exits avg x100=100)
julia-function-splitting: julia_timed_0: formed 0 regions cuts(target/clamp)=0/0 growfail(blocks/size/stuck)=0/0/1
julia-function-splitting: julia_timed_0: formed 0 regions cuts(target/clamp)=0/0 growfail(blocks/size/stuck)=0/0/1
julia-function-splitting: japi1_top-level scope_0: formed 1 regions insts min/med/max=199/199/199 cuts(target/clamp)=0/1 growfail(blocks/size/stuck)=0/0/5
julia-function-splitting: privatized 0/0 tracked buffers (rejected: 0 shape, 0 coverage; rest store-only/odd-size)
julia-function-splitting: japi1_top-level scope_0: top level has 1 nodes
julia-function-splitting: times(ms) chunk=0 form=0 group=0 process=0 [remat=0 ce=0 io=0 spill=0] insts=101 iface(in avg/max=12/12 out avg/max=0/0 exits avg x100=100)
julia-function-splitting: japi1_top-level scope_0: formed 0 regions cuts(target/clamp)=0/0 growfail(blocks/size/stuck)=0/0/4
julia-function-splitting: julia_bench_f_0: formed 326 regions insts min/med/max=402/402/402 cuts(target/clamp)=326/0 growfail(blocks/size/stuck)=0/0/326
julia-function-splitting: privatized 0/0 tracked buffers (rejected: 0 shape, 0 coverage; rest store-only/odd-size)
julia-function-splitting: julia_bench_f_0: top level has 14 nodes
julia-function-splitting: times(ms) chunk=24 form=2 group=0 process=114 [remat=2 ce=13 io=1 spill=0] insts=741 iface(in avg/max=2/9 out avg/max=0/0 exits avg x100=100)
julia-function-splitting: julia_bench_f_0: formed 0 regions cuts(target/clamp)=0/0 growfail(blocks/size/stuck)=0/0/0
julia-function-splitting: julia__foldl_impl_0: formed 0 regions cuts(target/clamp)=0/0 growfail(blocks/size/stuck)=0/0/77
julia-function-splitting: julia__foldl_impl_0: formed 0 regions cuts(target/clamp)=0/0 growfail(blocks/size/stuck)=0/0/65
julia-function-splitting: japi1_top-level scope_0: formed 1 regions insts min/med/max=299/299/299 cuts(target/clamp)=0/1 growfail(blocks/size/stuck)=0/0/1
julia-function-splitting: privatized 0/0 tracked buffers (rejected: 0 shape, 0 coverage; rest store-only/odd-size)
julia-function-splitting: japi1_top-level scope_0: top level has 1 nodes
julia-function-splitting: times(ms) chunk=0 form=0 group=0 process=0 [remat=2 ce=13 io=1 spill=0] insts=40 iface(in avg/max=7/7 out avg/max=0/0 exits avg x100=100)
julia-function-splitting: japi1_top-level scope_0: formed 2 regions insts min/med/max=132/181/181 cuts(target/clamp)=0/2 growfail(blocks/size/stuck)=0/0/3
julia-function-splitting: privatized 1/1 tracked buffers (rejected: 0 shape, 0 coverage; rest store-only/odd-size)
julia-function-splitting: japi1_top-level scope_0: top level has 2 nodes
julia-function-splitting: times(ms) chunk=0 form=0 group=0 process=0 [remat=2 ce=13 io=1 spill=0] insts=46 iface(in avg/max=3/5 out avg/max=0/1 exits avg x100=200)
julia-function-splitting: japi1_printf_0: formed 1 regions insts min/med/max=330/330/330 cuts(target/clamp)=0/1 growfail(blocks/size/stuck)=0/0/2
julia-function-splitting: privatized 1/4 tracked buffers (rejected: 0 shape, 3 coverage; rest store-only/odd-size)
julia-function-splitting: japi1_printf_0: top level has 1 nodes
julia-function-splitting: times(ms) chunk=0 form=0 group=0 process=0 [remat=2 ce=13 io=1 spill=0] insts=42 iface(in avg/max=7/7 out avg/max=0/0 exits avg x100=100)
julia-function-splitting: julia_Format_0: formed 2 regions insts min/med/max=118/190/190 cuts(target/clamp)=0/2 growfail(blocks/size/stuck)=0/0/93
julia-function-splitting: privatized 0/0 tracked buffers (rejected: 0 shape, 0 coverage; rest store-only/odd-size)
julia-function-splitting: julia_Format_0: top level has 2 nodes
julia-function-splitting: times(ms) chunk=0 form=0 group=0 process=0 [remat=2 ce=13 io=1 spill=0] insts=708 iface(in avg/max=16/19 out avg/max=0/0 exits avg x100=200)
julia-function-splitting: julia_Format_0: formed 0 regions cuts(target/clamp)=0/0 growfail(blocks/size/stuck)=0/0/74
julia-function-splitting: julia_format_0: formed 22 regions insts min/med/max=173/400/411 cuts(target/clamp)=13/9 growfail(blocks/size/stuck)=0/0/189
julia-function-splitting: privatized 0/1 tracked buffers (rejected: 0 shape, 1 coverage; rest store-only/odd-size)
julia-function-splitting: julia_format_0: top level has 22 nodes
julia-function-splitting: times(ms) chunk=0 form=0 group=0 process=3 [remat=2 ce=13 io=1 spill=1] insts=4299 iface(in avg/max=29/33 out avg/max=0/0 exits avg x100=212)
julia-function-splitting: julia_fmt_0: formed 1 regions insts min/med/max=120/120/120 cuts(target/clamp)=0/1 growfail(blocks/size/stuck)=0/0/40
julia-function-splitting: privatized 0/0 tracked buffers (rejected: 0 shape, 0 coverage; rest store-only/odd-size)
julia-function-splitting: julia_fmt_0: top level has 1 nodes
julia-function-splitting: times(ms) chunk=0 form=0 group=0 process=0 [remat=2 ce=13 io=1 spill=1] insts=287 iface(in avg/max=9/9 out avg/max=0/0 exits avg x100=300)
julia-function-splitting: julia_fmt_1: formed 1 regions insts min/med/max=120/120/120 cuts(target/clamp)=0/1 growfail(blocks/size/stuck)=0/0/32
julia-function-splitting: privatized 0/0 tracked buffers (rejected: 0 shape, 0 coverage; rest store-only/odd-size)
julia-function-splitting: julia_fmt_1: top level has 1 nodes
julia-function-splitting: times(ms) chunk=0 form=0 group=0 process=0 [remat=2 ce=13 io=1 spill=1] insts=240 iface(in avg/max=9/9 out avg/max=0/0 exits avg x100=300)
julia-function-splitting: julia_fmt_2: formed 1 regions insts min/med/max=120/120/120 cuts(target/clamp)=0/1 growfail(blocks/size/stuck)=0/0/32
julia-function-splitting: privatized 0/0 tracked buffers (rejected: 0 shape, 0 coverage; rest store-only/odd-size)
julia-function-splitting: julia_fmt_2: top level has 1 nodes
julia-function-splitting: times(ms) chunk=0 form=0 group=0 process=0 [remat=2 ce=13 io=1 spill=1] insts=240 iface(in avg/max=9/9 out avg/max=0/0 exits avg x100=300)
julia-function-splitting: julia_fmt_3: formed 1 regions insts min/med/max=120/120/120 cuts(target/clamp)=0/1 growfail(blocks/size/stuck)=0/0/32
julia-function-splitting: privatized 0/0 tracked buffers (rejected: 0 shape, 0 coverage; rest store-only/odd-size)
julia-function-splitting: julia_fmt_3: top level has 1 nodes
julia-function-splitting: times(ms) chunk=0 form=0 group=0 process=0 [remat=2 ce=13 io=1 spill=1] insts=247 iface(in avg/max=9/9 out avg/max=0/0 exits avg x100=300)
julia-function-splitting: julia_fmt_5: formed 1 regions insts min/med/max=157/157/157 cuts(target/clamp)=0/1 growfail(blocks/size/stuck)=0/0/16
julia-function-splitting: privatized 0/0 tracked buffers (rejected: 0 shape, 0 coverage; rest store-only/odd-size)
julia-function-splitting: julia_fmt_5: top level has 1 nodes
julia-function-splitting: times(ms) chunk=0 form=0 group=0 process=0 [remat=2 ce=13 io=1 spill=1] insts=213 iface(in avg/max=14/14 out avg/max=0/0 exits avg x100=600)
julia-function-splitting: julia_fmt_6: formed 1 regions insts min/med/max=157/157/157 cuts(target/clamp)=0/1 growfail(blocks/size/stuck)=0/0/16
julia-function-splitting: privatized 0/0 tracked buffers (rejected: 0 shape, 0 coverage; rest store-only/odd-size)
julia-function-splitting: julia_fmt_6: top level has 1 nodes
julia-function-splitting: times(ms) chunk=0 form=0 group=0 process=0 [remat=2 ce=13 io=1 spill=1] insts=212 iface(in avg/max=13/13 out avg/max=0/0 exits avg x100=600)
julia-function-splitting: julia_fmt_7: formed 1 regions insts min/med/max=153/153/153 cuts(target/clamp)=0/1 growfail(blocks/size/stuck)=0/0/16
julia-function-splitting: privatized 0/0 tracked buffers (rejected: 0 shape, 0 coverage; rest store-only/odd-size)
julia-function-splitting: julia_fmt_7: top level has 1 nodes
julia-function-splitting: times(ms) chunk=0 form=0 group=0 process=0 [remat=2 ce=13 io=1 spill=1] insts=214 iface(in avg/max=14/14 out avg/max=0/0 exits avg x100=600)
julia-function-splitting: julia_fmt_9: formed 1 regions insts min/med/max=142/142/142 cuts(target/clamp)=0/1 growfail(blocks/size/stuck)=0/0/24
julia-function-splitting: privatized 0/0 tracked buffers (rejected: 0 shape, 0 coverage; rest store-only/odd-size)
julia-function-splitting: julia_fmt_9: top level has 1 nodes
julia-function-splitting: times(ms) chunk=0 form=0 group=0 process=0 [remat=2 ce=13 io=1 spill=1] insts=246 iface(in avg/max=14/14 out avg/max=0/0 exits avg x100=700)
julia-function-splitting: julia_fmt_10: formed 1 regions insts min/med/max=142/142/142 cuts(target/clamp)=0/1 growfail(blocks/size/stuck)=0/0/29
julia-function-splitting: privatized 0/0 tracked buffers (rejected: 0 shape, 0 coverage; rest store-only/odd-size)
julia-function-splitting: julia_fmt_10: top level has 1 nodes
julia-function-splitting: times(ms) chunk=0 form=0 group=0 process=0 [remat=2 ce=13 io=1 spill=1] insts=258 iface(in avg/max=13/13 out avg/max=0/0 exits avg x100=700)
julia-function-splitting: julia_mapreduce_impl_0: formed 0 regions cuts(target/clamp)=0/0 growfail(blocks/size/stuck)=0/0/6
julia-function-splitting: julia_format_0: formed 6 regions insts min/med/max=353/388/409 cuts(target/clamp)=2/4 growfail(blocks/size/stuck)=0/0/145
julia-function-splitting: privatized 0/5 tracked buffers (rejected: 5 shape, 0 coverage; rest store-only/odd-size)
julia-function-splitting: julia_format_0: top level has 6 nodes
julia-function-splitting: times(ms) chunk=0 form=0 group=0 process=0 [remat=2 ce=13 io=1 spill=2] insts=2314 iface(in avg/max=37/41 out avg/max=0/0 exits avg x100=200)
julia-function-splitting: julia_fmt_0: formed 0 regions cuts(target/clamp)=0/0 growfail(blocks/size/stuck)=0/0/30
julia-function-splitting: julia_fmt_1: formed 0 regions cuts(target/clamp)=0/0 growfail(blocks/size/stuck)=0/0/22
julia-function-splitting: julia_fmt_2: formed 0 regions cuts(target/clamp)=0/0 growfail(blocks/size/stuck)=0/0/22
julia-function-splitting: julia_fmt_3: formed 0 regions cuts(target/clamp)=0/0 growfail(blocks/size/stuck)=0/0/22
julia-function-splitting: julia_fmt_5: formed 0 regions cuts(target/clamp)=0/0 growfail(blocks/size/stuck)=0/0/16
julia-function-splitting: julia_fmt_6: formed 0 regions cuts(target/clamp)=0/0 growfail(blocks/size/stuck)=0/0/16
julia-function-splitting: julia_fmt_7: formed 0 regions cuts(target/clamp)=0/0 growfail(blocks/size/stuck)=0/0/16
julia-function-splitting: julia_fmt_9: formed 1 regions insts min/med/max=125/125/125 cuts(target/clamp)=0/1 growfail(blocks/size/stuck)=0/0/6
julia-function-splitting: privatized 0/0 tracked buffers (rejected: 0 shape, 0 coverage; rest store-only/odd-size)
julia-function-splitting: julia_fmt_9: top level has 1 nodes
julia-function-splitting: times(ms) chunk=0 form=0 group=0 process=0 [remat=2 ce=13 io=1 spill=2] insts=82 iface(in avg/max=15/15 out avg/max=0/0 exits avg x100=400)
julia-function-splitting: julia_fmt_10: formed 1 regions insts min/med/max=123/123/123 cuts(target/clamp)=0/1 growfail(blocks/size/stuck)=0/0/6
julia-function-splitting: privatized 0/0 tracked buffers (rejected: 0 shape, 0 coverage; rest store-only/odd-size)
julia-function-splitting: julia_fmt_10: top level has 1 nodes
julia-function-splitting: times(ms) chunk=0 form=0 group=0 process=0 [remat=2 ce=13 io=1 spill=2] insts=76 iface(in avg/max=13/13 out avg/max=0/0 exits avg x100=400)
julia-function-splitting: julia_mapreduce_impl_0: formed 0 regions cuts(target/clamp)=0/0 growfail(blocks/size/stuck)=0/0/6
julia-function-splitting: julia_calls_expr_0: formed 1 regions insts min/med/max=216/216/216 cuts(target/clamp)=0/1 growfail(blocks/size/stuck)=0/0/4
julia-function-splitting: privatized 0/0 tracked buffers (rejected: 0 shape, 0 coverage; rest store-only/odd-size)
julia-function-splitting: julia_calls_expr_0: top level has 1 nodes
julia-function-splitting: times(ms) chunk=0 form=0 group=0 process=0 [remat=0 ce=0 io=0 spill=0] insts=147 iface(in avg/max=12/12 out avg/max=0/0 exits avg x100=100)
julia-function-splitting: julia_calls_expr_0: formed 0 regions cuts(target/clamp)=0/0 growfail(blocks/size/stuck)=0/0/3
julia-function-splitting: julia_timed_0: formed 0 regions cuts(target/clamp)=0/0 growfail(blocks/size/stuck)=0/0/1
julia-function-splitting: julia_timed_0: formed 0 regions cuts(target/clamp)=0/0 growfail(blocks/size/stuck)=0/0/1
julia-function-splitting: japi1_top-level scope_0: formed 1 regions insts min/med/max=199/199/199 cuts(target/clamp)=0/1 growfail(blocks/size/stuck)=0/0/5
julia-function-splitting: privatized 0/0 tracked buffers (rejected: 0 shape, 0 coverage; rest store-only/odd-size)
julia-function-splitting: japi1_top-level scope_0: top level has 1 nodes
julia-function-splitting: times(ms) chunk=0 form=0 group=0 process=0 [remat=0 ce=0 io=0 spill=0] insts=101 iface(in avg/max=12/12 out avg/max=0/0 exits avg x100=100)
julia-function-splitting: japi1_top-level scope_0: formed 0 regions cuts(target/clamp)=0/0 growfail(blocks/size/stuck)=0/0/4
julia-function-splitting: julia_bench_f_0: formed 40 regions insts min/med/max=201/402/402 cuts(target/clamp)=39/1 growfail(blocks/size/stuck)=0/0/40
julia-function-splitting: privatized 0/0 tracked buffers (rejected: 0 shape, 0 coverage; rest store-only/odd-size)
julia-function-splitting: julia_bench_f_0: top level has 2 nodes
julia-function-splitting: times(ms) chunk=1 form=0 group=0 process=13 [remat=0 ce=1 io=0 spill=0] insts=673 iface(in avg/max=3/10 out avg/max=0/0 exits avg x100=100)
julia-function-splitting: julia_bench_f_0: formed 0 regions cuts(target/clamp)=0/0 growfail(blocks/size/stuck)=0/0/0
julia-function-splitting: julia__foldl_impl_0: formed 0 regions cuts(target/clamp)=0/0 growfail(blocks/size/stuck)=0/0/77
julia-function-splitting: julia__foldl_impl_0: formed 0 regions cuts(target/clamp)=0/0 growfail(blocks/size/stuck)=0/0/65
julia-function-splitting: japi1_top-level scope_0: formed 1 regions insts min/med/max=299/299/299 cuts(target/clamp)=0/1 growfail(blocks/size/stuck)=0/0/1
julia-function-splitting: privatized 0/0 tracked buffers (rejected: 0 shape, 0 coverage; rest store-only/odd-size)
julia-function-splitting: japi1_top-level scope_0: top level has 1 nodes
julia-function-splitting: times(ms) chunk=0 form=0 group=0 process=0 [remat=0 ce=1 io=0 spill=0] insts=40 iface(in avg/max=7/7 out avg/max=0/0 exits avg x100=100)
julia-function-splitting: japi1_top-level scope_0: formed 2 regions insts min/med/max=132/181/181 cuts(target/clamp)=0/2 growfail(blocks/size/stuck)=0/0/3
julia-function-splitting: privatized 1/1 tracked buffers (rejected: 0 shape, 0 coverage; rest store-only/odd-size)
julia-function-splitting: japi1_top-level scope_0: top level has 2 nodes
julia-function-splitting: times(ms) chunk=0 form=0 group=0 process=0 [remat=0 ce=1 io=0 spill=0] insts=46 iface(in avg/max=3/5 out avg/max=0/1 exits avg x100=200)
julia-function-splitting: japi1_printf_0: formed 1 regions insts min/med/max=330/330/330 cuts(target/clamp)=0/1 growfail(blocks/size/stuck)=0/0/2
julia-function-splitting: privatized 1/4 tracked buffers (rejected: 0 shape, 3 coverage; rest store-only/odd-size)
julia-function-splitting: japi1_printf_0: top level has 1 nodes
julia-function-splitting: times(ms) chunk=0 form=0 group=0 process=0 [remat=0 ce=1 io=0 spill=0] insts=42 iface(in avg/max=7/7 out avg/max=0/0 exits avg x100=100)
julia-function-splitting: julia_Format_0: formed 2 regions insts min/med/max=118/190/190 cuts(target/clamp)=0/2 growfail(blocks/size/stuck)=0/0/93
julia-function-splitting: privatized 0/0 tracked buffers (rejected: 0 shape, 0 coverage; rest store-only/odd-size)
julia-function-splitting: julia_Format_0: top level has 2 nodes
julia-function-splitting: times(ms) chunk=0 form=0 group=0 process=0 [remat=0 ce=1 io=0 spill=0] insts=708 iface(in avg/max=16/19 out avg/max=0/0 exits avg x100=200)
julia-function-splitting: julia_Format_0: formed 0 regions cuts(target/clamp)=0/0 growfail(blocks/size/stuck)=0/0/74
julia-function-splitting: julia_format_0: formed 22 regions insts min/med/max=173/400/411 cuts(target/clamp)=13/9 growfail(blocks/size/stuck)=0/0/189
julia-function-splitting: privatized 0/1 tracked buffers (rejected: 0 shape, 1 coverage; rest store-only/odd-size)
julia-function-splitting: julia_format_0: top level has 22 nodes
julia-function-splitting: times(ms) chunk=0 form=0 group=0 process=3 [remat=0 ce=1 io=0 spill=0] insts=4299 iface(in avg/max=29/33 out avg/max=0/0 exits avg x100=212)
julia-function-splitting: julia_fmt_0: formed 1 regions insts min/med/max=120/120/120 cuts(target/clamp)=0/1 growfail(blocks/size/stuck)=0/0/40
julia-function-splitting: privatized 0/0 tracked buffers (rejected: 0 shape, 0 coverage; rest store-only/odd-size)
julia-function-splitting: julia_fmt_0: top level has 1 nodes
julia-function-splitting: times(ms) chunk=0 form=0 group=0 process=0 [remat=0 ce=1 io=0 spill=1] insts=287 iface(in avg/max=9/9 out avg/max=0/0 exits avg x100=300)
julia-function-splitting: julia_fmt_1: formed 1 regions insts min/med/max=120/120/120 cuts(target/clamp)=0/1 growfail(blocks/size/stuck)=0/0/32
julia-function-splitting: privatized 0/0 tracked buffers (rejected: 0 shape, 0 coverage; rest store-only/odd-size)
julia-function-splitting: julia_fmt_1: top level has 1 nodes
julia-function-splitting: times(ms) chunk=0 form=0 group=0 process=0 [remat=0 ce=1 io=0 spill=1] insts=240 iface(in avg/max=9/9 out avg/max=0/0 exits avg x100=300)
julia-function-splitting: julia_fmt_2: formed 1 regions insts min/med/max=120/120/120 cuts(target/clamp)=0/1 growfail(blocks/size/stuck)=0/0/32
julia-function-splitting: privatized 0/0 tracked buffers (rejected: 0 shape, 0 coverage; rest store-only/odd-size)
julia-function-splitting: julia_fmt_2: top level has 1 nodes
julia-function-splitting: times(ms) chunk=0 form=0 group=0 process=0 [remat=0 ce=1 io=0 spill=1] insts=240 iface(in avg/max=9/9 out avg/max=0/0 exits avg x100=300)
julia-function-splitting: julia_fmt_3: formed 1 regions insts min/med/max=120/120/120 cuts(target/clamp)=0/1 growfail(blocks/size/stuck)=0/0/32
julia-function-splitting: privatized 0/0 tracked buffers (rejected: 0 shape, 0 coverage; rest store-only/odd-size)
julia-function-splitting: julia_fmt_3: top level has 1 nodes
julia-function-splitting: times(ms) chunk=0 form=0 group=0 process=0 [remat=0 ce=1 io=0 spill=1] insts=247 iface(in avg/max=9/9 out avg/max=0/0 exits avg x100=300)
julia-function-splitting: julia_fmt_5: formed 1 regions insts min/med/max=157/157/157 cuts(target/clamp)=0/1 growfail(blocks/size/stuck)=0/0/16
julia-function-splitting: privatized 0/0 tracked buffers (rejected: 0 shape, 0 coverage; rest store-only/odd-size)
julia-function-splitting: julia_fmt_5: top level has 1 nodes
julia-function-splitting: times(ms) chunk=0 form=0 group=0 process=0 [remat=0 ce=1 io=0 spill=1] insts=213 iface(in avg/max=14/14 out avg/max=0/0 exits avg x100=600)
julia-function-splitting: julia_fmt_6: formed 1 regions insts min/med/max=157/157/157 cuts(target/clamp)=0/1 growfail(blocks/size/stuck)=0/0/16
julia-function-splitting: privatized 0/0 tracked buffers (rejected: 0 shape, 0 coverage; rest store-only/odd-size)
julia-function-splitting: julia_fmt_6: top level has 1 nodes
julia-function-splitting: times(ms) chunk=0 form=0 group=0 process=0 [remat=0 ce=1 io=0 spill=1] insts=212 iface(in avg/max=13/13 out avg/max=0/0 exits avg x100=600)
julia-function-splitting: julia_fmt_7: formed 1 regions insts min/med/max=153/153/153 cuts(target/clamp)=0/1 growfail(blocks/size/stuck)=0/0/16
julia-function-splitting: privatized 0/0 tracked buffers (rejected: 0 shape, 0 coverage; rest store-only/odd-size)
julia-function-splitting: julia_fmt_7: top level has 1 nodes
julia-function-splitting: times(ms) chunk=0 form=0 group=0 process=0 [remat=0 ce=1 io=0 spill=1] insts=214 iface(in avg/max=14/14 out avg/max=0/0 exits avg x100=600)
julia-function-splitting: julia_fmt_9: formed 1 regions insts min/med/max=142/142/142 cuts(target/clamp)=0/1 growfail(blocks/size/stuck)=0/0/24
julia-function-splitting: privatized 0/0 tracked buffers (rejected: 0 shape, 0 coverage; rest store-only/odd-size)
julia-function-splitting: julia_fmt_9: top level has 1 nodes
julia-function-splitting: times(ms) chunk=0 form=0 group=0 process=0 [remat=0 ce=1 io=0 spill=1] insts=246 iface(in avg/max=14/14 out avg/max=0/0 exits avg x100=700)
julia-function-splitting: julia_fmt_10: formed 1 regions insts min/med/max=142/142/142 cuts(target/clamp)=0/1 growfail(blocks/size/stuck)=0/0/29
julia-function-splitting: privatized 0/0 tracked buffers (rejected: 0 shape, 0 coverage; rest store-only/odd-size)
julia-function-splitting: julia_fmt_10: top level has 1 nodes
julia-function-splitting: times(ms) chunk=0 form=0 group=0 process=0 [remat=0 ce=1 io=0 spill=1] insts=258 iface(in avg/max=13/13 out avg/max=0/0 exits avg x100=700)
julia-function-splitting: julia_mapreduce_impl_0: formed 0 regions cuts(target/clamp)=0/0 growfail(blocks/size/stuck)=0/0/6
julia-function-splitting: julia_format_0: formed 6 regions insts min/med/max=353/388/409 cuts(target/clamp)=2/4 growfail(blocks/size/stuck)=0/0/145
julia-function-splitting: privatized 0/5 tracked buffers (rejected: 5 shape, 0 coverage; rest store-only/odd-size)
julia-function-splitting: julia_format_0: top level has 6 nodes
julia-function-splitting: times(ms) chunk=0 form=0 group=0 process=0 [remat=0 ce=2 io=0 spill=1] insts=2314 iface(in avg/max=37/41 out avg/max=0/0 exits avg x100=200)
julia-function-splitting: julia_fmt_0: formed 0 regions cuts(target/clamp)=0/0 growfail(blocks/size/stuck)=0/0/30
julia-function-splitting: julia_fmt_1: formed 0 regions cuts(target/clamp)=0/0 growfail(blocks/size/stuck)=0/0/22
julia-function-splitting: julia_fmt_2: formed 0 regions cuts(target/clamp)=0/0 growfail(blocks/size/stuck)=0/0/22
julia-function-splitting: julia_fmt_3: formed 0 regions cuts(target/clamp)=0/0 growfail(blocks/size/stuck)=0/0/22
julia-function-splitting: julia_fmt_5: formed 0 regions cuts(target/clamp)=0/0 growfail(blocks/size/stuck)=0/0/16
julia-function-splitting: julia_fmt_6: formed 0 regions cuts(target/clamp)=0/0 growfail(blocks/size/stuck)=0/0/16
julia-function-splitting: julia_fmt_7: formed 0 regions cuts(target/clamp)=0/0 growfail(blocks/size/stuck)=0/0/16
julia-function-splitting: julia_fmt_9: formed 1 regions insts min/med/max=125/125/125 cuts(target/clamp)=0/1 growfail(blocks/size/stuck)=0/0/6
julia-function-splitting: privatized 0/0 tracked buffers (rejected: 0 shape, 0 coverage; rest store-only/odd-size)
julia-function-splitting: julia_fmt_9: top level has 1 nodes
julia-function-splitting: times(ms) chunk=0 form=0 group=0 process=0 [remat=0 ce=2 io=0 spill=1] insts=82 iface(in avg/max=15/15 out avg/max=0/0 exits avg x100=400)
julia-function-splitting: julia_fmt_10: formed 1 regions insts min/med/max=123/123/123 cuts(target/clamp)=0/1 growfail(blocks/size/stuck)=0/0/6
julia-function-splitting: privatized 0/0 tracked buffers (rejected: 0 shape, 0 coverage; rest store-only/odd-size)
julia-function-splitting: julia_fmt_10: top level has 1 nodes
julia-function-splitting: times(ms) chunk=0 form=0 group=0 process=0 [remat=0 ce=2 io=0 spill=1] insts=76 iface(in avg/max=13/13 out avg/max=0/0 exits avg x100=400)
julia-function-splitting: julia_mapreduce_impl_0: formed 0 regions cuts(target/clamp)=0/0 growfail(blocks/size/stuck)=0/0/6
julia-function-splitting: julia_blocks_expr_0: formed 2 regions insts min/med/max=100/106/106 cuts(target/clamp)=0/2 growfail(blocks/size/stuck)=0/0/5
julia-function-splitting: privatized 0/0 tracked buffers (rejected: 0 shape, 0 coverage; rest store-only/odd-size)
julia-function-splitting: julia_blocks_expr_0: top level has 2 nodes
julia-function-splitting: times(ms) chunk=0 form=0 group=0 process=0 [remat=0 ce=0 io=0 spill=0] insts=183 iface(in avg/max=7/8 out avg/max=0/1 exits avg x100=200)
julia-function-splitting: julia_blocks_expr_0: formed 0 regions cuts(target/clamp)=0/0 growfail(blocks/size/stuck)=0/0/3
julia-function-splitting: julia_timed_0: formed 0 regions cuts(target/clamp)=0/0 growfail(blocks/size/stuck)=0/0/1
julia-function-splitting: julia_timed_0: formed 0 regions cuts(target/clamp)=0/0 growfail(blocks/size/stuck)=0/0/1
julia-function-splitting: japi1_top-level scope_0: formed 1 regions insts min/med/max=199/199/199 cuts(target/clamp)=0/1 growfail(blocks/size/stuck)=0/0/5
julia-function-splitting: privatized 0/0 tracked buffers (rejected: 0 shape, 0 coverage; rest store-only/odd-size)
julia-function-splitting: japi1_top-level scope_0: top level has 1 nodes
julia-function-splitting: times(ms) chunk=0 form=0 group=0 process=0 [remat=0 ce=0 io=0 spill=0] insts=101 iface(in avg/max=12/12 out avg/max=0/0 exits avg x100=100)
julia-function-splitting: japi1_top-level scope_0: formed 0 regions cuts(target/clamp)=0/0 growfail(blocks/size/stuck)=0/0/4
julia-function-splitting: julia_bench_f_0: formed 320 regions insts min/med/max=372/424/424 cuts(target/clamp)=319/1 growfail(blocks/size/stuck)=0/0/641
julia-function-splitting: privatized 0/0 tracked buffers (rejected: 0 shape, 0 coverage; rest store-only/odd-size)
julia-function-splitting: julia_bench_f_0: top level has 20 nodes
julia-function-splitting: times(ms) chunk=0 form=4 group=2 process=95 [remat=1 ce=9 io=2 spill=2] insts=1771 iface(in avg/max=9/9 out avg/max=0/0 exits avg x100=199)
julia-function-splitting: julia_bench_f_0: formed 4 regions insts min/med/max=324/407/415 cuts(target/clamp)=3/1 growfail(blocks/size/stuck)=0/0/6
julia-function-splitting: privatized 0/0 tracked buffers (rejected: 0 shape, 0 coverage; rest store-only/odd-size)
julia-function-splitting: julia_bench_f_0: top level has 4 nodes
julia-function-splitting: times(ms) chunk=0 form=0 group=0 process=0 [remat=1 ce=9 io=2 spill=2] insts=209 iface(in avg/max=9/9 out avg/max=0/0 exits avg x100=100)
julia-function-splitting: julia__foldl_impl_0: formed 0 regions cuts(target/clamp)=0/0 growfail(blocks/size/stuck)=0/0/77
julia-function-splitting: julia__foldl_impl_0: formed 0 regions cuts(target/clamp)=0/0 growfail(blocks/size/stuck)=0/0/65
julia-function-splitting: japi1_top-level scope_0: formed 1 regions insts min/med/max=299/299/299 cuts(target/clamp)=0/1 growfail(blocks/size/stuck)=0/0/1
julia-function-splitting: privatized 0/0 tracked buffers (rejected: 0 shape, 0 coverage; rest store-only/odd-size)
julia-function-splitting: japi1_top-level scope_0: top level has 1 nodes
julia-function-splitting: times(ms) chunk=0 form=0 group=0 process=0 [remat=1 ce=9 io=2 spill=2] insts=40 iface(in avg/max=7/7 out avg/max=0/0 exits avg x100=100)
julia-function-splitting: japi1_top-level scope_0: formed 2 regions insts min/med/max=132/181/181 cuts(target/clamp)=0/2 growfail(blocks/size/stuck)=0/0/3
julia-function-splitting: privatized 1/1 tracked buffers (rejected: 0 shape, 0 coverage; rest store-only/odd-size)
julia-function-splitting: japi1_top-level scope_0: top level has 2 nodes
julia-function-splitting: times(ms) chunk=0 form=0 group=0 process=0 [remat=1 ce=9 io=2 spill=2] insts=46 iface(in avg/max=3/5 out avg/max=0/1 exits avg x100=200)
julia-function-splitting: japi1_printf_0: formed 1 regions insts min/med/max=330/330/330 cuts(target/clamp)=0/1 growfail(blocks/size/stuck)=0/0/2
julia-function-splitting: privatized 1/4 tracked buffers (rejected: 0 shape, 3 coverage; rest store-only/odd-size)
julia-function-splitting: japi1_printf_0: top level has 1 nodes
julia-function-splitting: times(ms) chunk=0 form=0 group=0 process=0 [remat=1 ce=9 io=2 spill=2] insts=42 iface(in avg/max=7/7 out avg/max=0/0 exits avg x100=100)
julia-function-splitting: julia_Format_0: formed 2 regions insts min/med/max=118/190/190 cuts(target/clamp)=0/2 growfail(blocks/size/stuck)=0/0/93
julia-function-splitting: privatized 0/0 tracked buffers (rejected: 0 shape, 0 coverage; rest store-only/odd-size)
julia-function-splitting: julia_Format_0: top level has 2 nodes
julia-function-splitting: times(ms) chunk=0 form=0 group=0 process=0 [remat=1 ce=9 io=2 spill=2] insts=708 iface(in avg/max=16/19 out avg/max=0/0 exits avg x100=200)
julia-function-splitting: julia_Format_0: formed 0 regions cuts(target/clamp)=0/0 growfail(blocks/size/stuck)=0/0/74
julia-function-splitting: julia_format_0: formed 22 regions insts min/med/max=173/400/411 cuts(target/clamp)=13/9 growfail(blocks/size/stuck)=0/0/189
julia-function-splitting: privatized 0/1 tracked buffers (rejected: 0 shape, 1 coverage; rest store-only/odd-size)
julia-function-splitting: julia_format_0: top level has 22 nodes
julia-function-splitting: times(ms) chunk=0 form=0 group=0 process=3 [remat=1 ce=9 io=2 spill=3] insts=4299 iface(in avg/max=29/33 out avg/max=0/0 exits avg x100=212)
julia-function-splitting: julia_fmt_0: formed 1 regions insts min/med/max=120/120/120 cuts(target/clamp)=0/1 growfail(blocks/size/stuck)=0/0/40
julia-function-splitting: privatized 0/0 tracked buffers (rejected: 0 shape, 0 coverage; rest store-only/odd-size)
julia-function-splitting: julia_fmt_0: top level has 1 nodes
julia-function-splitting: times(ms) chunk=0 form=0 group=0 process=0 [remat=1 ce=9 io=2 spill=3] insts=287 iface(in avg/max=9/9 out avg/max=0/0 exits avg x100=300)
julia-function-splitting: julia_fmt_1: formed 1 regions insts min/med/max=120/120/120 cuts(target/clamp)=0/1 growfail(blocks/size/stuck)=0/0/32
julia-function-splitting: privatized 0/0 tracked buffers (rejected: 0 shape, 0 coverage; rest store-only/odd-size)
julia-function-splitting: julia_fmt_1: top level has 1 nodes
julia-function-splitting: times(ms) chunk=0 form=0 group=0 process=0 [remat=1 ce=9 io=2 spill=3] insts=240 iface(in avg/max=9/9 out avg/max=0/0 exits avg x100=300)
julia-function-splitting: julia_fmt_2: formed 1 regions insts min/med/max=120/120/120 cuts(target/clamp)=0/1 growfail(blocks/size/stuck)=0/0/32
julia-function-splitting: privatized 0/0 tracked buffers (rejected: 0 shape, 0 coverage; rest store-only/odd-size)
julia-function-splitting: julia_fmt_2: top level has 1 nodes
julia-function-splitting: times(ms) chunk=0 form=0 group=0 process=0 [remat=1 ce=9 io=2 spill=3] insts=240 iface(in avg/max=9/9 out avg/max=0/0 exits avg x100=300)
julia-function-splitting: julia_fmt_3: formed 1 regions insts min/med/max=120/120/120 cuts(target/clamp)=0/1 growfail(blocks/size/stuck)=0/0/32
julia-function-splitting: privatized 0/0 tracked buffers (rejected: 0 shape, 0 coverage; rest store-only/odd-size)
julia-function-splitting: julia_fmt_3: top level has 1 nodes
julia-function-splitting: times(ms) chunk=0 form=0 group=0 process=0 [remat=1 ce=9 io=2 spill=3] insts=247 iface(in avg/max=9/9 out avg/max=0/0 exits avg x100=300)
julia-function-splitting: julia_fmt_5: formed 1 regions insts min/med/max=157/157/157 cuts(target/clamp)=0/1 growfail(blocks/size/stuck)=0/0/16
julia-function-splitting: privatized 0/0 tracked buffers (rejected: 0 shape, 0 coverage; rest store-only/odd-size)
julia-function-splitting: julia_fmt_5: top level has 1 nodes
julia-function-splitting: times(ms) chunk=0 form=0 group=0 process=0 [remat=1 ce=9 io=2 spill=3] insts=213 iface(in avg/max=14/14 out avg/max=0/0 exits avg x100=600)
julia-function-splitting: julia_fmt_6: formed 1 regions insts min/med/max=157/157/157 cuts(target/clamp)=0/1 growfail(blocks/size/stuck)=0/0/16
julia-function-splitting: privatized 0/0 tracked buffers (rejected: 0 shape, 0 coverage; rest store-only/odd-size)
julia-function-splitting: julia_fmt_6: top level has 1 nodes
julia-function-splitting: times(ms) chunk=0 form=0 group=0 process=0 [remat=1 ce=9 io=2 spill=3] insts=212 iface(in avg/max=13/13 out avg/max=0/0 exits avg x100=600)
julia-function-splitting: julia_fmt_7: formed 1 regions insts min/med/max=153/153/153 cuts(target/clamp)=0/1 growfail(blocks/size/stuck)=0/0/16
julia-function-splitting: privatized 0/0 tracked buffers (rejected: 0 shape, 0 coverage; rest store-only/odd-size)
julia-function-splitting: julia_fmt_7: top level has 1 nodes
julia-function-splitting: times(ms) chunk=0 form=0 group=0 process=0 [remat=1 ce=9 io=2 spill=3] insts=214 iface(in avg/max=14/14 out avg/max=0/0 exits avg x100=600)
julia-function-splitting: julia_fmt_9: formed 1 regions insts min/med/max=142/142/142 cuts(target/clamp)=0/1 growfail(blocks/size/stuck)=0/0/24
julia-function-splitting: privatized 0/0 tracked buffers (rejected: 0 shape, 0 coverage; rest store-only/odd-size)
julia-function-splitting: julia_fmt_9: top level has 1 nodes
julia-function-splitting: times(ms) chunk=0 form=0 group=0 process=0 [remat=1 ce=9 io=2 spill=3] insts=246 iface(in avg/max=14/14 out avg/max=0/0 exits avg x100=700)
julia-function-splitting: julia_fmt_10: formed 1 regions insts min/med/max=142/142/142 cuts(target/clamp)=0/1 growfail(blocks/size/stuck)=0/0/29
julia-function-splitting: privatized 0/0 tracked buffers (rejected: 0 shape, 0 coverage; rest store-only/odd-size)
julia-function-splitting: julia_fmt_10: top level has 1 nodes
julia-function-splitting: times(ms) chunk=0 form=0 group=0 process=0 [remat=1 ce=10 io=2 spill=3] insts=258 iface(in avg/max=13/13 out avg/max=0/0 exits avg x100=700)
julia-function-splitting: julia_mapreduce_impl_0: formed 0 regions cuts(target/clamp)=0/0 growfail(blocks/size/stuck)=0/0/6
julia-function-splitting: julia_format_0: formed 6 regions insts min/med/max=353/388/409 cuts(target/clamp)=2/4 growfail(blocks/size/stuck)=0/0/145
julia-function-splitting: privatized 0/5 tracked buffers (rejected: 5 shape, 0 coverage; rest store-only/odd-size)
julia-function-splitting: julia_format_0: top level has 6 nodes
julia-function-splitting: times(ms) chunk=0 form=0 group=0 process=0 [remat=1 ce=10 io=2 spill=3] insts=2314 iface(in avg/max=37/41 out avg/max=0/0 exits avg x100=200)
julia-function-splitting: julia_fmt_0: formed 0 regions cuts(target/clamp)=0/0 growfail(blocks/size/stuck)=0/0/30
julia-function-splitting: julia_fmt_1: formed 0 regions cuts(target/clamp)=0/0 growfail(blocks/size/stuck)=0/0/22
julia-function-splitting: julia_fmt_2: formed 0 regions cuts(target/clamp)=0/0 growfail(blocks/size/stuck)=0/0/22
julia-function-splitting: julia_fmt_3: formed 0 regions cuts(target/clamp)=0/0 growfail(blocks/size/stuck)=0/0/22
julia-function-splitting: julia_fmt_5: formed 0 regions cuts(target/clamp)=0/0 growfail(blocks/size/stuck)=0/0/16
julia-function-splitting: julia_fmt_6: formed 0 regions cuts(target/clamp)=0/0 growfail(blocks/size/stuck)=0/0/16
julia-function-splitting: julia_fmt_7: formed 0 regions cuts(target/clamp)=0/0 growfail(blocks/size/stuck)=0/0/16
julia-function-splitting: julia_fmt_9: formed 1 regions insts min/med/max=125/125/125 cuts(target/clamp)=0/1 growfail(blocks/size/stuck)=0/0/6
julia-function-splitting: privatized 0/0 tracked buffers (rejected: 0 shape, 0 coverage; rest store-only/odd-size)
julia-function-splitting: julia_fmt_9: top level has 1 nodes
julia-function-splitting: times(ms) chunk=0 form=0 group=0 process=0 [remat=1 ce=10 io=2 spill=3] insts=82 iface(in avg/max=15/15 out avg/max=0/0 exits avg x100=400)
julia-function-splitting: julia_fmt_10: formed 1 regions insts min/med/max=123/123/123 cuts(target/clamp)=0/1 growfail(blocks/size/stuck)=0/0/6
julia-function-splitting: privatized 0/0 tracked buffers (rejected: 0 shape, 0 coverage; rest store-only/odd-size)
julia-function-splitting: julia_fmt_10: top level has 1 nodes
julia-function-splitting: times(ms) chunk=0 form=0 group=0 process=0 [remat=1 ce=10 io=2 spill=3] insts=76 iface(in avg/max=13/13 out avg/max=0/0 exits avg x100=400)
julia-function-splitting: julia_mapreduce_impl_0: formed 0 regions cuts(target/clamp)=0/0 growfail(blocks/size/stuck)=0/0/6
julia-function-splitting: julia_blocks_expr_0: formed 1 regions insts min/med/max=265/265/265 cuts(target/clamp)=0/1 growfail(blocks/size/stuck)=0/0/2
julia-function-splitting: privatized 0/0 tracked buffers (rejected: 0 shape, 0 coverage; rest store-only/odd-size)
julia-function-splitting: julia_blocks_expr_0: top level has 1 nodes
julia-function-splitting: times(ms) chunk=0 form=0 group=0 process=0 [remat=0 ce=0 io=0 spill=0] insts=80 iface(in avg/max=8/8 out avg/max=0/0 exits avg x100=100)
julia-function-splitting: julia_timed_0: formed 0 regions cuts(target/clamp)=0/0 growfail(blocks/size/stuck)=0/0/1
julia-function-splitting: julia_timed_0: formed 0 regions cuts(target/clamp)=0/0 growfail(blocks/size/stuck)=0/0/1
julia-function-splitting: japi1_top-level scope_0: formed 0 regions cuts(target/clamp)=0/0 growfail(blocks/size/stuck)=0/0/8
julia-function-splitting: japi1_top-level scope_0: formed 1 regions insts min/med/max=202/202/202 cuts(target/clamp)=0/1 growfail(blocks/size/stuck)=0/0/5
julia-function-splitting: privatized 0/0 tracked buffers (rejected: 0 shape, 0 coverage; rest store-only/odd-size)
julia-function-splitting: japi1_top-level scope_0: top level has 1 nodes
julia-function-splitting: times(ms) chunk=0 form=0 group=0 process=0 [remat=0 ce=0 io=0 spill=0] insts=98 iface(in avg/max=15/15 out avg/max=0/0 exits avg x100=100)
julia-function-splitting: julia_bench_f_0: formed 178 regions insts min/med/max=550/829/837 cuts(target/clamp)=177/1 growfail(blocks/size/stuck)=0/0/180
julia-function-splitting: privatized 0/0 tracked buffers (rejected: 0 shape, 0 coverage; rest store-only/odd-size)
julia-function-splitting: julia_bench_f_0: top level has 8 nodes
julia-function-splitting: times(ms) chunk=0 form=4 group=1 process=93 [remat=2 ce=12 io=2 spill=1] insts=150 iface(in avg/max=8/9 out avg/max=0/0 exits avg x100=100)
julia-function-splitting: julia_bench_f_0: formed 0 regions cuts(target/clamp)=0/0 growfail(blocks/size/stuck)=0/0/2
julia-function-splitting: julia__foldl_impl_0: formed 0 regions cuts(target/clamp)=0/0 growfail(blocks/size/stuck)=0/0/77
julia-function-splitting: julia__foldl_impl_0: formed 0 regions cuts(target/clamp)=0/0 growfail(blocks/size/stuck)=0/0/65
julia-function-splitting: japi1_top-level scope_0: formed 1 regions insts min/med/max=299/299/299 cuts(target/clamp)=0/1 growfail(blocks/size/stuck)=0/0/1
julia-function-splitting: privatized 0/0 tracked buffers (rejected: 0 shape, 0 coverage; rest store-only/odd-size)
julia-function-splitting: japi1_top-level scope_0: top level has 1 nodes
julia-function-splitting: times(ms) chunk=0 form=0 group=0 process=0 [remat=2 ce=12 io=2 spill=1] insts=40 iface(in avg/max=7/7 out avg/max=0/0 exits avg x100=100)
julia-function-splitting: japi1_top-level scope_0: formed 1 regions insts min/med/max=313/313/313 cuts(target/clamp)=0/1 growfail(blocks/size/stuck)=0/0/2
julia-function-splitting: privatized 1/1 tracked buffers (rejected: 0 shape, 0 coverage; rest store-only/odd-size)
julia-function-splitting: japi1_top-level scope_0: top level has 1 nodes
julia-function-splitting: times(ms) chunk=0 form=0 group=0 process=0 [remat=2 ce=12 io=2 spill=1] insts=37 iface(in avg/max=4/4 out avg/max=0/0 exits avg x100=100)
julia-function-splitting: japi1_printf_0: formed 1 regions insts min/med/max=330/330/330 cuts(target/clamp)=0/1 growfail(blocks/size/stuck)=0/0/2
julia-function-splitting: privatized 1/4 tracked buffers (rejected: 0 shape, 3 coverage; rest store-only/odd-size)
julia-function-splitting: japi1_printf_0: top level has 1 nodes
julia-function-splitting: times(ms) chunk=0 form=0 group=0 process=0 [remat=2 ce=12 io=2 spill=1] insts=42 iface(in avg/max=7/7 out avg/max=0/0 exits avg x100=100)
julia-function-splitting: julia_Format_0: formed 0 regions cuts(target/clamp)=0/0 growfail(blocks/size/stuck)=0/0/132
julia-function-splitting: julia_Format_0: formed 0 regions cuts(target/clamp)=0/0 growfail(blocks/size/stuck)=0/0/109
julia-function-splitting: julia_format_0: formed 17 regions insts min/med/max=292/400/813 cuts(target/clamp)=4/13 growfail(blocks/size/stuck)=0/0/148
julia-function-splitting: privatized 0/1 tracked buffers (rejected: 0 shape, 1 coverage; rest store-only/odd-size)
julia-function-splitting: julia_format_0: top level has 17 nodes
julia-function-splitting: times(ms) chunk=0 form=0 group=0 process=4 [remat=3 ce=12 io=2 spill=2] insts=2514 iface(in avg/max=27/35 out avg/max=0/0 exits avg x100=237)
julia-function-splitting: julia_fmt_0: formed 0 regions cuts(target/clamp)=0/0 growfail(blocks/size/stuck)=0/0/54
julia-function-splitting: julia_fmt_1: formed 0 regions cuts(target/clamp)=0/0 growfail(blocks/size/stuck)=0/0/46
julia-function-splitting: julia_fmt_2: formed 0 regions cuts(target/clamp)=0/0 growfail(blocks/size/stuck)=0/0/46
julia-function-splitting: julia_fmt_3: formed 0 regions cuts(target/clamp)=0/0 growfail(blocks/size/stuck)=0/0/46
julia-function-splitting: julia_fmt_5: formed 0 regions cuts(target/clamp)=0/0 growfail(blocks/size/stuck)=0/0/35
julia-function-splitting: julia_fmt_6: formed 0 regions cuts(target/clamp)=0/0 growfail(blocks/size/stuck)=0/0/35
julia-function-splitting: julia_fmt_7: formed 0 regions cuts(target/clamp)=0/0 growfail(blocks/size/stuck)=0/0/35
julia-function-splitting: julia_fmt_9: formed 1 regions insts min/med/max=221/221/221 cuts(target/clamp)=0/1 growfail(blocks/size/stuck)=0/0/13
julia-function-splitting: privatized 0/0 tracked buffers (rejected: 0 shape, 0 coverage; rest store-only/odd-size)
julia-function-splitting: julia_fmt_9: top level has 1 nodes
julia-function-splitting: times(ms) chunk=0 form=0 group=0 process=0 [remat=3 ce=12 io=2 spill=2] insts=155 iface(in avg/max=14/14 out avg/max=0/0 exits avg x100=500)
julia-function-splitting: julia_fmt_10: formed 1 regions insts min/med/max=221/221/221 cuts(target/clamp)=0/1 growfail(blocks/size/stuck)=0/0/18
julia-function-splitting: privatized 0/0 tracked buffers (rejected: 0 shape, 0 coverage; rest store-only/odd-size)
julia-function-splitting: julia_fmt_10: top level has 1 nodes
julia-function-splitting: times(ms) chunk=0 form=0 group=0 process=0 [remat=3 ce=12 io=2 spill=2] insts=167 iface(in avg/max=13/13 out avg/max=0/0 exits avg x100=500)
julia-function-splitting: julia_mapreduce_impl_0: formed 0 regions cuts(target/clamp)=0/0 growfail(blocks/size/stuck)=0/0/6
julia-function-splitting: julia_format_0: formed 1 regions insts min/med/max=743/743/743 cuts(target/clamp)=0/1 growfail(blocks/size/stuck)=0/0/151
julia-function-splitting: privatized 0/7 tracked buffers (rejected: 7 shape, 0 coverage; rest store-only/odd-size)
julia-function-splitting: julia_format_0: top level has 1 nodes
julia-function-splitting: times(ms) chunk=0 form=0 group=0 process=0 [remat=3 ce=12 io=2 spill=2] insts=1147 iface(in avg/max=45/45 out avg/max=0/0 exits avg x100=200)
julia-function-splitting: julia_fmt_0: formed 0 regions cuts(target/clamp)=0/0 growfail(blocks/size/stuck)=0/0/40
julia-function-splitting: julia_fmt_1: formed 0 regions cuts(target/clamp)=0/0 growfail(blocks/size/stuck)=0/0/32
julia-function-splitting: julia_fmt_2: formed 0 regions cuts(target/clamp)=0/0 growfail(blocks/size/stuck)=0/0/32
julia-function-splitting: julia_fmt_3: formed 0 regions cuts(target/clamp)=0/0 growfail(blocks/size/stuck)=0/0/32
julia-function-splitting: julia_fmt_5: formed 0 regions cuts(target/clamp)=0/0 growfail(blocks/size/stuck)=0/0/30
julia-function-splitting: julia_fmt_6: formed 0 regions cuts(target/clamp)=0/0 growfail(blocks/size/stuck)=0/0/31
julia-function-splitting: julia_fmt_7: formed 0 regions cuts(target/clamp)=0/0 growfail(blocks/size/stuck)=0/0/30
julia-function-splitting: julia_fmt_9: formed 0 regions cuts(target/clamp)=0/0 growfail(blocks/size/stuck)=0/0/16
julia-function-splitting: julia_fmt_10: formed 0 regions cuts(target/clamp)=0/0 growfail(blocks/size/stuck)=0/0/16
julia-function-splitting: julia_mapreduce_impl_0: formed 0 regions cuts(target/clamp)=0/0 growfail(blocks/size/stuck)=0/0/6
julia-function-splitting: julia_blocks_expr_0: formed 0 regions cuts(target/clamp)=0/0 growfail(blocks/size/stuck)=0/0/13
julia-function-splitting: julia_blocks_expr_0: formed 0 regions cuts(target/clamp)=0/0 growfail(blocks/size/stuck)=0/0/9
julia-function-splitting: julia_timed_0: formed 0 regions cuts(target/clamp)=0/0 growfail(blocks/size/stuck)=0/0/1
julia-function-splitting: julia_timed_0: formed 0 regions cuts(target/clamp)=0/0 growfail(blocks/size/stuck)=0/0/1
julia-function-splitting: japi1_top-level scope_0: formed 0 regions cuts(target/clamp)=0/0 growfail(blocks/size/stuck)=0/0/8
julia-function-splitting: japi1_top-level scope_0: formed 0 regions cuts(target/clamp)=0/0 growfail(blocks/size/stuck)=0/0/8
julia-function-splitting: julia_bench_f_0: formed 89 regions insts min/med/max=1395/1633/1633 cuts(target/clamp)=88/1 growfail(blocks/size/stuck)=0/0/179
julia-function-splitting: privatized 0/0 tracked buffers (rejected: 0 shape, 0 coverage; rest store-only/odd-size)
julia-function-splitting: julia_bench_f_0: top level has 4 nodes
julia-function-splitting: times(ms) chunk=0 form=4 group=1 process=97 [remat=2 ce=10 io=2 spill=0] insts=394 iface(in avg/max=9/9 out avg/max=0/0 exits avg x100=197)
julia-function-splitting: julia_bench_f_0: formed 0 regions cuts(target/clamp)=0/0 growfail(blocks/size/stuck)=0/0/11
julia-function-splitting: julia__foldl_impl_0: formed 0 regions cuts(target/clamp)=0/0 growfail(blocks/size/stuck)=0/0/77
julia-function-splitting: julia__foldl_impl_0: formed 0 regions cuts(target/clamp)=0/0 growfail(blocks/size/stuck)=0/0/65
julia-function-splitting: japi1_top-level scope_0: formed 0 regions cuts(target/clamp)=0/0 growfail(blocks/size/stuck)=0/0/62
julia-function-splitting: japi1_top-level scope_0: formed 0 regions cuts(target/clamp)=0/0 growfail(blocks/size/stuck)=0/0/61
julia-function-splitting: japi1_top-level scope_0: formed 0 regions cuts(target/clamp)=0/0 growfail(blocks/size/stuck)=0/0/48
julia-function-splitting: japi1_top-level scope_0: formed 0 regions cuts(target/clamp)=0/0 growfail(blocks/size/stuck)=0/0/46
julia-function-splitting: japi1_printf_0: formed 0 regions cuts(target/clamp)=0/0 growfail(blocks/size/stuck)=0/0/62
julia-function-splitting: japi1_printf_0: formed 0 regions cuts(target/clamp)=0/0 growfail(blocks/size/stuck)=0/0/58
julia-function-splitting: julia_Format_0: formed 0 regions cuts(target/clamp)=0/0 growfail(blocks/size/stuck)=0/0/132
julia-function-splitting: julia_Format_0: formed 0 regions cuts(target/clamp)=0/0 growfail(blocks/size/stuck)=0/0/109
julia-function-splitting: julia_format_0: formed 7 regions insts min/med/max=400/400/1621 cuts(target/clamp)=2/5 growfail(blocks/size/stuck)=0/0/442
julia-function-splitting: privatized 0/1 tracked buffers (rejected: 0 shape, 1 coverage; rest store-only/odd-size)
julia-function-splitting: julia_format_0: top level has 7 nodes
julia-function-splitting: times(ms) chunk=0 form=1 group=0 process=2 [remat=3 ce=10 io=3 spill=1] insts=6209 iface(in avg/max=26/35 out avg/max=0/0 exits avg x100=266)
julia-function-splitting: julia_fmt_0: formed 0 regions cuts(target/clamp)=0/0 growfail(blocks/size/stuck)=0/0/54
julia-function-splitting: julia_fmt_1: formed 0 regions cuts(target/clamp)=0/0 growfail(blocks/size/stuck)=0/0/46
julia-function-splitting: julia_fmt_2: formed 0 regions cuts(target/clamp)=0/0 growfail(blocks/size/stuck)=0/0/46
julia-function-splitting: julia_fmt_3: formed 0 regions cuts(target/clamp)=0/0 growfail(blocks/size/stuck)=0/0/46
julia-function-splitting: julia_fmt_5: formed 0 regions cuts(target/clamp)=0/0 growfail(blocks/size/stuck)=0/0/35
julia-function-splitting: julia_fmt_6: formed 0 regions cuts(target/clamp)=0/0 growfail(blocks/size/stuck)=0/0/35
julia-function-splitting: julia_fmt_7: formed 0 regions cuts(target/clamp)=0/0 growfail(blocks/size/stuck)=0/0/35
julia-function-splitting: julia_fmt_9: formed 0 regions cuts(target/clamp)=0/0 growfail(blocks/size/stuck)=0/0/48
julia-function-splitting: julia_fmt_10: formed 0 regions cuts(target/clamp)=0/0 growfail(blocks/size/stuck)=0/0/53
julia-function-splitting: julia_mapreduce_impl_0: formed 0 regions cuts(target/clamp)=0/0 growfail(blocks/size/stuck)=0/0/6
julia-function-splitting: julia_format_0: formed 1 regions insts min/med/max=1521/1521/1521 cuts(target/clamp)=0/1 growfail(blocks/size/stuck)=0/0/436
julia-function-splitting: privatized 0/6 tracked buffers (rejected: 6 shape, 0 coverage; rest store-only/odd-size)
julia-function-splitting: julia_format_0: top level has 1 nodes
julia-function-splitting: times(ms) chunk=0 form=0 group=0 process=0 [remat=3 ce=11 io=3 spill=1] insts=3338 iface(in avg/max=21/21 out avg/max=0/0 exits avg x100=200)
julia-function-splitting: julia_fmt_0: formed 0 regions cuts(target/clamp)=0/0 growfail(blocks/size/stuck)=0/0/40
julia-function-splitting: julia_fmt_1: formed 0 regions cuts(target/clamp)=0/0 growfail(blocks/size/stuck)=0/0/32
julia-function-splitting: julia_fmt_2: formed 0 regions cuts(target/clamp)=0/0 growfail(blocks/size/stuck)=0/0/32
julia-function-splitting: julia_fmt_3: formed 0 regions cuts(target/clamp)=0/0 growfail(blocks/size/stuck)=0/0/32
julia-function-splitting: julia_fmt_5: formed 0 regions cuts(target/clamp)=0/0 growfail(blocks/size/stuck)=0/0/30
julia-function-splitting: julia_fmt_6: formed 0 regions cuts(target/clamp)=0/0 growfail(blocks/size/stuck)=0/0/31
julia-function-splitting: julia_fmt_7: formed 0 regions cuts(target/clamp)=0/0 growfail(blocks/size/stuck)=0/0/30
julia-function-splitting: julia_fmt_9: formed 0 regions cuts(target/clamp)=0/0 growfail(blocks/size/stuck)=0/0/46
julia-function-splitting: julia_fmt_10: formed 0 regions cuts(target/clamp)=0/0 growfail(blocks/size/stuck)=0/0/42
julia-function-splitting: julia_mapreduce_impl_0: formed 0 regions cuts(target/clamp)=0/0 growfail(blocks/size/stuck)=0/0/6
julia-function-splitting: julia_blocks_expr_0: formed 0 regions cuts(target/clamp)=0/0 growfail(blocks/size/stuck)=0/0/13
julia-function-splitting: julia_blocks_expr_0: formed 0 regions cuts(target/clamp)=0/0 growfail(blocks/size/stuck)=0/0/9
julia-function-splitting: julia_timed_0: formed 0 regions cuts(target/clamp)=0/0 growfail(blocks/size/stuck)=0/0/1
julia-function-splitting: julia_timed_0: formed 0 regions cuts(target/clamp)=0/0 growfail(blocks/size/stuck)=0/0/1
julia-function-splitting: japi1_top-level scope_0: formed 0 regions cuts(target/clamp)=0/0 growfail(blocks/size/stuck)=0/0/8
julia-function-splitting: japi1_top-level scope_0: formed 0 regions cuts(target/clamp)=0/0 growfail(blocks/size/stuck)=0/0/8
julia-function-splitting: julia_bench_f_0: formed 46 regions insts min/med/max=2232/3214/3214 cuts(target/clamp)=45/1 growfail(blocks/size/stuck)=0/0/93
julia-function-splitting: privatized 0/0 tracked buffers (rejected: 0 shape, 0 coverage; rest store-only/odd-size)
julia-function-splitting: julia_bench_f_0: top level has 2 nodes
julia-function-splitting: times(ms) chunk=0 form=4 group=1 process=99 [remat=3 ce=11 io=2 spill=0] insts=222 iface(in avg/max=9/9 out avg/max=0/0 exits avg x100=195)
julia-function-splitting: julia_bench_f_0: formed 0 regions cuts(target/clamp)=0/0 growfail(blocks/size/stuck)=0/0/5
julia-function-splitting: julia__foldl_impl_0: formed 0 regions cuts(target/clamp)=0/0 growfail(blocks/size/stuck)=0/0/77
julia-function-splitting: julia__foldl_impl_0: formed 0 regions cuts(target/clamp)=0/0 growfail(blocks/size/stuck)=0/0/65
julia-function-splitting: japi1_top-level scope_0: formed 0 regions cuts(target/clamp)=0/0 growfail(blocks/size/stuck)=0/0/62
julia-function-splitting: japi1_top-level scope_0: formed 0 regions cuts(target/clamp)=0/0 growfail(blocks/size/stuck)=0/0/61
julia-function-splitting: japi1_top-level scope_0: formed 0 regions cuts(target/clamp)=0/0 growfail(blocks/size/stuck)=0/0/48
julia-function-splitting: japi1_top-level scope_0: formed 0 regions cuts(target/clamp)=0/0 growfail(blocks/size/stuck)=0/0/46
julia-function-splitting: japi1_printf_0: formed 0 regions cuts(target/clamp)=0/0 growfail(blocks/size/stuck)=0/0/62
julia-function-splitting: japi1_printf_0: formed 0 regions cuts(target/clamp)=0/0 growfail(blocks/size/stuck)=0/0/58
julia-function-splitting: julia_Format_0: formed 0 regions cuts(target/clamp)=0/0 growfail(blocks/size/stuck)=0/0/132
julia-function-splitting: julia_Format_0: formed 0 regions cuts(target/clamp)=0/0 growfail(blocks/size/stuck)=0/0/109
julia-function-splitting: julia_format_0: formed 1 regions insts min/med/max=3224/3224/3224 cuts(target/clamp)=1/0 growfail(blocks/size/stuck)=0/0/713
julia-function-splitting: privatized 0/1 tracked buffers (rejected: 0 shape, 1 coverage; rest store-only/odd-size)
julia-function-splitting: julia_format_0: top level has 1 nodes
julia-function-splitting: times(ms) chunk=0 form=1 group=0 process=0 [remat=3 ce=11 io=2 spill=0] insts=9357 iface(in avg/max=0/0 out avg/max=0/0 exits avg x100=0)
julia-function-splitting: julia_fmt_0: formed 0 regions cuts(target/clamp)=0/0 growfail(blocks/size/stuck)=0/0/54
julia-function-splitting: julia_fmt_1: formed 0 regions cuts(target/clamp)=0/0 growfail(blocks/size/stuck)=0/0/46
julia-function-splitting: julia_fmt_2: formed 0 regions cuts(target/clamp)=0/0 growfail(blocks/size/stuck)=0/0/46
julia-function-splitting: julia_fmt_3: formed 0 regions cuts(target/clamp)=0/0 growfail(blocks/size/stuck)=0/0/46
julia-function-splitting: julia_fmt_5: formed 0 regions cuts(target/clamp)=0/0 growfail(blocks/size/stuck)=0/0/35
julia-function-splitting: julia_fmt_6: formed 0 regions cuts(target/clamp)=0/0 growfail(blocks/size/stuck)=0/0/35
julia-function-splitting: julia_fmt_7: formed 0 regions cuts(target/clamp)=0/0 growfail(blocks/size/stuck)=0/0/35
julia-function-splitting: julia_fmt_9: formed 0 regions cuts(target/clamp)=0/0 growfail(blocks/size/stuck)=0/0/48
julia-function-splitting: julia_fmt_10: formed 0 regions cuts(target/clamp)=0/0 growfail(blocks/size/stuck)=0/0/53
julia-function-splitting: julia_mapreduce_impl_0: formed 0 regions cuts(target/clamp)=0/0 growfail(blocks/size/stuck)=0/0/6
julia-function-splitting: julia_format_0: formed 1 regions insts min/med/max=3205/3205/3205 cuts(target/clamp)=1/0 growfail(blocks/size/stuck)=0/0/593
julia-function-splitting: privatized 0/2 tracked buffers (rejected: 0 shape, 2 coverage; rest store-only/odd-size)
julia-function-splitting: julia_format_0: top level has 1 nodes
julia-function-splitting: times(ms) chunk=0 form=1 group=0 process=1 [remat=3 ce=12 io=2 spill=0] insts=4414 iface(in avg/max=28/28 out avg/max=0/0 exits avg x100=300)
julia-function-splitting: julia_fmt_0: formed 0 regions cuts(target/clamp)=0/0 growfail(blocks/size/stuck)=0/0/40
julia-function-splitting: julia_fmt_1: formed 0 regions cuts(target/clamp)=0/0 growfail(blocks/size/stuck)=0/0/32
julia-function-splitting: julia_fmt_2: formed 0 regions cuts(target/clamp)=0/0 growfail(blocks/size/stuck)=0/0/32
julia-function-splitting: julia_fmt_3: formed 0 regions cuts(target/clamp)=0/0 growfail(blocks/size/stuck)=0/0/32
julia-function-splitting: julia_fmt_5: formed 0 regions cuts(target/clamp)=0/0 growfail(blocks/size/stuck)=0/0/30
julia-function-splitting: julia_fmt_6: formed 0 regions cuts(target/clamp)=0/0 growfail(blocks/size/stuck)=0/0/31
julia-function-splitting: julia_fmt_7: formed 0 regions cuts(target/clamp)=0/0 growfail(blocks/size/stuck)=0/0/30
julia-function-splitting: julia_fmt_9: formed 0 regions cuts(target/clamp)=0/0 growfail(blocks/size/stuck)=0/0/46
julia-function-splitting: julia_fmt_10: formed 0 regions cuts(target/clamp)=0/0 growfail(blocks/size/stuck)=0/0/42
julia-function-splitting: julia_mapreduce_impl_0: formed 0 regions cuts(target/clamp)=0/0 growfail(blocks/size/stuck)=0/0/6
julia-function-splitting: julia_blocks_expr_0: formed 0 regions cuts(target/clamp)=0/0 growfail(blocks/size/stuck)=0/0/13
julia-function-splitting: julia_blocks_expr_0: formed 0 regions cuts(target/clamp)=0/0 growfail(blocks/size/stuck)=0/0/9
julia-function-splitting: julia_timed_0: formed 0 regions cuts(target/clamp)=0/0 growfail(blocks/size/stuck)=0/0/1
julia-function-splitting: julia_timed_0: formed 0 regions cuts(target/clamp)=0/0 growfail(blocks/size/stuck)=0/0/1
julia-function-splitting: japi1_top-level scope_0: formed 0 regions cuts(target/clamp)=0/0 growfail(blocks/size/stuck)=0/0/8
julia-function-splitting: japi1_top-level scope_0: formed 0 regions cuts(target/clamp)=0/0 growfail(blocks/size/stuck)=0/0/8
julia-function-splitting: julia_bench_f_0: formed 23 regions insts min/med/max=6409/6409/6417 cuts(target/clamp)=23/0 growfail(blocks/size/stuck)=0/0/61
julia-function-splitting: privatized 0/0 tracked buffers (rejected: 0 shape, 0 coverage; rest store-only/odd-size)
julia-function-splitting: julia_bench_f_0: top level has 23 nodes
julia-function-splitting: times(ms) chunk=0 form=4 group=0 process=45 [remat=0 ce=4 io=0 spill=0] insts=1671 iface(in avg/max=9/9 out avg/max=0/0 exits avg x100=100)
julia-function-splitting: julia_bench_f_0: formed 0 regions cuts(target/clamp)=0/0 growfail(blocks/size/stuck)=0/0/38
julia-function-splitting: julia__foldl_impl_0: formed 0 regions cuts(target/clamp)=0/0 growfail(blocks/size/stuck)=0/0/77
julia-function-splitting: julia__foldl_impl_0: formed 0 regions cuts(target/clamp)=0/0 growfail(blocks/size/stuck)=0/0/65
julia-function-splitting: japi1_top-level scope_0: formed 0 regions cuts(target/clamp)=0/0 growfail(blocks/size/stuck)=0/0/62
julia-function-splitting: japi1_top-level scope_0: formed 0 regions cuts(target/clamp)=0/0 growfail(blocks/size/stuck)=0/0/61
julia-function-splitting: japi1_top-level scope_0: formed 0 regions cuts(target/clamp)=0/0 growfail(blocks/size/stuck)=0/0/48
julia-function-splitting: japi1_top-level scope_0: formed 0 regions cuts(target/clamp)=0/0 growfail(blocks/size/stuck)=0/0/46
julia-function-splitting: japi1_printf_0: formed 0 regions cuts(target/clamp)=0/0 growfail(blocks/size/stuck)=0/0/62
julia-function-splitting: japi1_printf_0: formed 0 regions cuts(target/clamp)=0/0 growfail(blocks/size/stuck)=0/0/58
julia-function-splitting: julia_Format_0: formed 0 regions cuts(target/clamp)=0/0 growfail(blocks/size/stuck)=0/0/132
julia-function-splitting: julia_Format_0: formed 0 regions cuts(target/clamp)=0/0 growfail(blocks/size/stuck)=0/0/109
julia-function-splitting: julia_format_0: formed 1 regions insts min/med/max=4082/4082/4082 cuts(target/clamp)=0/1 growfail(blocks/size/stuck)=0/0/609
julia-function-splitting: privatized 0/1 tracked buffers (rejected: 0 shape, 1 coverage; rest store-only/odd-size)
julia-function-splitting: julia_format_0: top level has 1 nodes
julia-function-splitting: times(ms) chunk=0 form=1 group=0 process=2 [remat=0 ce=4 io=1 spill=0] insts=6312 iface(in avg/max=35/35 out avg/max=0/0 exits avg x100=200)
julia-function-splitting: julia_fmt_0: formed 0 regions cuts(target/clamp)=0/0 growfail(blocks/size/stuck)=0/0/54
julia-function-splitting: julia_fmt_1: formed 0 regions cuts(target/clamp)=0/0 growfail(blocks/size/stuck)=0/0/46
julia-function-splitting: julia_fmt_2: formed 0 regions cuts(target/clamp)=0/0 growfail(blocks/size/stuck)=0/0/46
julia-function-splitting: julia_fmt_3: formed 0 regions cuts(target/clamp)=0/0 growfail(blocks/size/stuck)=0/0/46
julia-function-splitting: julia_fmt_5: formed 0 regions cuts(target/clamp)=0/0 growfail(blocks/size/stuck)=0/0/35
julia-function-splitting: julia_fmt_6: formed 0 regions cuts(target/clamp)=0/0 growfail(blocks/size/stuck)=0/0/35
julia-function-splitting: julia_fmt_7: formed 0 regions cuts(target/clamp)=0/0 growfail(blocks/size/stuck)=0/0/35
julia-function-splitting: julia_fmt_9: formed 0 regions cuts(target/clamp)=0/0 growfail(blocks/size/stuck)=0/0/48
julia-function-splitting: julia_fmt_10: formed 0 regions cuts(target/clamp)=0/0 growfail(blocks/size/stuck)=0/0/53
julia-function-splitting: julia_mapreduce_impl_0: formed 0 regions cuts(target/clamp)=0/0 growfail(blocks/size/stuck)=0/0/6
julia-function-splitting: julia_format_0: formed 0 regions cuts(target/clamp)=0/0 growfail(blocks/size/stuck)=0/0/584
julia-function-splitting: julia_fmt_0: formed 0 regions cuts(target/clamp)=0/0 growfail(blocks/size/stuck)=0/0/40
julia-function-splitting: julia_fmt_1: formed 0 regions cuts(target/clamp)=0/0 growfail(blocks/size/stuck)=0/0/32
julia-function-splitting: julia_fmt_2: formed 0 regions cuts(target/clamp)=0/0 growfail(blocks/size/stuck)=0/0/32
julia-function-splitting: julia_fmt_3: formed 0 regions cuts(target/clamp)=0/0 growfail(blocks/size/stuck)=0/0/32
julia-function-splitting: julia_fmt_5: formed 0 regions cuts(target/clamp)=0/0 growfail(blocks/size/stuck)=0/0/30
julia-function-splitting: julia_fmt_6: formed 0 regions cuts(target/clamp)=0/0 growfail(blocks/size/stuck)=0/0/31
julia-function-splitting: julia_fmt_7: formed 0 regions cuts(target/clamp)=0/0 growfail(blocks/size/stuck)=0/0/30
julia-function-splitting: julia_fmt_9: formed 0 regions cuts(target/clamp)=0/0 growfail(blocks/size/stuck)=0/0/46
julia-function-splitting: julia_fmt_10: formed 0 regions cuts(target/clamp)=0/0 growfail(blocks/size/stuck)=0/0/42
julia-function-splitting: julia_mapreduce_impl_0: formed 0 regions cuts(target/clamp)=0/0 growfail(blocks/size/stuck)=0/0/6
julia-function-splitting: julia_blocks_expr_0: formed 2 regions insts min/med/max=100/106/106 cuts(target/clamp)=0/2 growfail(blocks/size/stuck)=0/0/5
julia-function-splitting: privatized 0/0 tracked buffers (rejected: 0 shape, 0 coverage; rest store-only/odd-size)
julia-function-splitting: julia_blocks_expr_0: top level has 2 nodes
julia-function-splitting: times(ms) chunk=0 form=0 group=0 process=0 [remat=0 ce=0 io=0 spill=0] insts=183 iface(in avg/max=7/8 out avg/max=0/1 exits avg x100=200)
julia-function-splitting: julia_blocks_expr_0: formed 0 regions cuts(target/clamp)=0/0 growfail(blocks/size/stuck)=0/0/3
julia-function-splitting: julia_timed_0: formed 0 regions cuts(target/clamp)=0/0 growfail(blocks/size/stuck)=0/0/1
julia-function-splitting: julia_timed_0: formed 0 regions cuts(target/clamp)=0/0 growfail(blocks/size/stuck)=0/0/1
julia-function-splitting: japi1_top-level scope_0: formed 1 regions insts min/med/max=199/199/199 cuts(target/clamp)=0/1 growfail(blocks/size/stuck)=0/0/5
julia-function-splitting: privatized 0/0 tracked buffers (rejected: 0 shape, 0 coverage; rest store-only/odd-size)
julia-function-splitting: japi1_top-level scope_0: top level has 1 nodes
julia-function-splitting: times(ms) chunk=0 form=0 group=0 process=0 [remat=0 ce=0 io=0 spill=0] insts=101 iface(in avg/max=12/12 out avg/max=0/0 exits avg x100=100)
julia-function-splitting: japi1_top-level scope_0: formed 0 regions cuts(target/clamp)=0/0 growfail(blocks/size/stuck)=0/0/4
julia-function-splitting: julia_bench_f_0: formed 320 regions insts min/med/max=372/424/424 cuts(target/clamp)=319/1 growfail(blocks/size/stuck)=0/0/641
julia-function-splitting: privatized 0/0 tracked buffers (rejected: 0 shape, 0 coverage; rest store-only/odd-size)
julia-function-splitting: julia_bench_f_0: top level has 20 nodes
julia-function-splitting: times(ms) chunk=0 form=4 group=1 process=92 [remat=1 ce=9 io=2 spill=2] insts=1771 iface(in avg/max=9/9 out avg/max=0/0 exits avg x100=199)
julia-function-splitting: julia_bench_f_0: formed 4 regions insts min/med/max=324/407/415 cuts(target/clamp)=3/1 growfail(blocks/size/stuck)=0/0/6
julia-function-splitting: privatized 0/0 tracked buffers (rejected: 0 shape, 0 coverage; rest store-only/odd-size)
julia-function-splitting: julia_bench_f_0: top level has 4 nodes
julia-function-splitting: times(ms) chunk=0 form=0 group=0 process=0 [remat=1 ce=9 io=2 spill=2] insts=209 iface(in avg/max=9/9 out avg/max=0/0 exits avg x100=100)
julia-function-splitting: julia__foldl_impl_0: formed 0 regions cuts(target/clamp)=0/0 growfail(blocks/size/stuck)=0/0/77
julia-function-splitting: julia__foldl_impl_0: formed 0 regions cuts(target/clamp)=0/0 growfail(blocks/size/stuck)=0/0/65
julia-function-splitting: japi1_top-level scope_0: formed 1 regions insts min/med/max=299/299/299 cuts(target/clamp)=0/1 growfail(blocks/size/stuck)=0/0/1
julia-function-splitting: privatized 0/0 tracked buffers (rejected: 0 shape, 0 coverage; rest store-only/odd-size)
julia-function-splitting: japi1_top-level scope_0: top level has 1 nodes
julia-function-splitting: times(ms) chunk=0 form=0 group=0 process=0 [remat=1 ce=9 io=2 spill=2] insts=40 iface(in avg/max=7/7 out avg/max=0/0 exits avg x100=100)
julia-function-splitting: japi1_top-level scope_0: formed 2 regions insts min/med/max=132/181/181 cuts(target/clamp)=0/2 growfail(blocks/size/stuck)=0/0/3
julia-function-splitting: privatized 1/1 tracked buffers (rejected: 0 shape, 0 coverage; rest store-only/odd-size)
julia-function-splitting: japi1_top-level scope_0: top level has 2 nodes
julia-function-splitting: times(ms) chunk=0 form=0 group=0 process=0 [remat=1 ce=9 io=2 spill=2] insts=46 iface(in avg/max=3/5 out avg/max=0/1 exits avg x100=200)
julia-function-splitting: japi1_printf_0: formed 1 regions insts min/med/max=330/330/330 cuts(target/clamp)=0/1 growfail(blocks/size/stuck)=0/0/2
julia-function-splitting: privatized 1/4 tracked buffers (rejected: 0 shape, 3 coverage; rest store-only/odd-size)
julia-function-splitting: japi1_printf_0: top level has 1 nodes
julia-function-splitting: times(ms) chunk=0 form=0 group=0 process=0 [remat=1 ce=9 io=2 spill=2] insts=42 iface(in avg/max=7/7 out avg/max=0/0 exits avg x100=100)
julia-function-splitting: julia_Format_0: formed 2 regions insts min/med/max=118/190/190 cuts(target/clamp)=0/2 growfail(blocks/size/stuck)=0/0/93
julia-function-splitting: privatized 0/0 tracked buffers (rejected: 0 shape, 0 coverage; rest store-only/odd-size)
julia-function-splitting: julia_Format_0: top level has 2 nodes
julia-function-splitting: times(ms) chunk=0 form=0 group=0 process=0 [remat=1 ce=9 io=2 spill=2] insts=708 iface(in avg/max=16/19 out avg/max=0/0 exits avg x100=200)
julia-function-splitting: julia_Format_0: formed 0 regions cuts(target/clamp)=0/0 growfail(blocks/size/stuck)=0/0/74
julia-function-splitting: julia_format_0: formed 22 regions insts min/med/max=173/400/411 cuts(target/clamp)=13/9 growfail(blocks/size/stuck)=0/0/189
julia-function-splitting: privatized 0/1 tracked buffers (rejected: 0 shape, 1 coverage; rest store-only/odd-size)
julia-function-splitting: julia_format_0: top level has 22 nodes
julia-function-splitting: times(ms) chunk=0 form=0 group=0 process=3 [remat=1 ce=9 io=2 spill=3] insts=4299 iface(in avg/max=29/33 out avg/max=0/0 exits avg x100=212)
julia-function-splitting: julia_fmt_0: formed 1 regions insts min/med/max=120/120/120 cuts(target/clamp)=0/1 growfail(blocks/size/stuck)=0/0/40
julia-function-splitting: privatized 0/0 tracked buffers (rejected: 0 shape, 0 coverage; rest store-only/odd-size)
julia-function-splitting: julia_fmt_0: top level has 1 nodes
julia-function-splitting: times(ms) chunk=0 form=0 group=0 process=0 [remat=1 ce=9 io=2 spill=3] insts=287 iface(in avg/max=9/9 out avg/max=0/0 exits avg x100=300)
julia-function-splitting: julia_fmt_1: formed 1 regions insts min/med/max=120/120/120 cuts(target/clamp)=0/1 growfail(blocks/size/stuck)=0/0/32
julia-function-splitting: privatized 0/0 tracked buffers (rejected: 0 shape, 0 coverage; rest store-only/odd-size)
julia-function-splitting: julia_fmt_1: top level has 1 nodes
julia-function-splitting: times(ms) chunk=0 form=0 group=0 process=0 [remat=1 ce=9 io=2 spill=3] insts=240 iface(in avg/max=9/9 out avg/max=0/0 exits avg x100=300)
julia-function-splitting: julia_fmt_2: formed 1 regions insts min/med/max=120/120/120 cuts(target/clamp)=0/1 growfail(blocks/size/stuck)=0/0/32
julia-function-splitting: privatized 0/0 tracked buffers (rejected: 0 shape, 0 coverage; rest store-only/odd-size)
julia-function-splitting: julia_fmt_2: top level has 1 nodes
julia-function-splitting: times(ms) chunk=0 form=0 group=0 process=0 [remat=1 ce=9 io=2 spill=3] insts=240 iface(in avg/max=9/9 out avg/max=0/0 exits avg x100=300)
julia-function-splitting: julia_fmt_3: formed 1 regions insts min/med/max=120/120/120 cuts(target/clamp)=0/1 growfail(blocks/size/stuck)=0/0/32
julia-function-splitting: privatized 0/0 tracked buffers (rejected: 0 shape, 0 coverage; rest store-only/odd-size)
julia-function-splitting: julia_fmt_3: top level has 1 nodes
julia-function-splitting: times(ms) chunk=0 form=0 group=0 process=0 [remat=1 ce=9 io=2 spill=3] insts=247 iface(in avg/max=9/9 out avg/max=0/0 exits avg x100=300)
julia-function-splitting: julia_fmt_5: formed 1 regions insts min/med/max=157/157/157 cuts(target/clamp)=0/1 growfail(blocks/size/stuck)=0/0/16
julia-function-splitting: privatized 0/0 tracked buffers (rejected: 0 shape, 0 coverage; rest store-only/odd-size)
julia-function-splitting: julia_fmt_5: top level has 1 nodes
julia-function-splitting: times(ms) chunk=0 form=0 group=0 process=0 [remat=1 ce=9 io=2 spill=3] insts=213 iface(in avg/max=14/14 out avg/max=0/0 exits avg x100=600)
julia-function-splitting: julia_fmt_6: formed 1 regions insts min/med/max=157/157/157 cuts(target/clamp)=0/1 growfail(blocks/size/stuck)=0/0/16
julia-function-splitting: privatized 0/0 tracked buffers (rejected: 0 shape, 0 coverage; rest store-only/odd-size)
julia-function-splitting: julia_fmt_6: top level has 1 nodes
julia-function-splitting: times(ms) chunk=0 form=0 group=0 process=0 [remat=1 ce=9 io=2 spill=3] insts=212 iface(in avg/max=13/13 out avg/max=0/0 exits avg x100=600)
julia-function-splitting: julia_fmt_7: formed 1 regions insts min/med/max=153/153/153 cuts(target/clamp)=0/1 growfail(blocks/size/stuck)=0/0/16
julia-function-splitting: privatized 0/0 tracked buffers (rejected: 0 shape, 0 coverage; rest store-only/odd-size)
julia-function-splitting: julia_fmt_7: top level has 1 nodes
julia-function-splitting: times(ms) chunk=0 form=0 group=0 process=0 [remat=1 ce=9 io=2 spill=3] insts=214 iface(in avg/max=14/14 out avg/max=0/0 exits avg x100=600)
julia-function-splitting: julia_fmt_9: formed 1 regions insts min/med/max=142/142/142 cuts(target/clamp)=0/1 growfail(blocks/size/stuck)=0/0/24
julia-function-splitting: privatized 0/0 tracked buffers (rejected: 0 shape, 0 coverage; rest store-only/odd-size)
julia-function-splitting: julia_fmt_9: top level has 1 nodes
julia-function-splitting: times(ms) chunk=0 form=0 group=0 process=0 [remat=1 ce=9 io=2 spill=3] insts=246 iface(in avg/max=14/14 out avg/max=0/0 exits avg x100=700)
julia-function-splitting: julia_fmt_10: formed 1 regions insts min/med/max=142/142/142 cuts(target/clamp)=0/1 growfail(blocks/size/stuck)=0/0/29
julia-function-splitting: privatized 0/0 tracked buffers (rejected: 0 shape, 0 coverage; rest store-only/odd-size)
julia-function-splitting: julia_fmt_10: top level has 1 nodes
julia-function-splitting: times(ms) chunk=0 form=0 group=0 process=0 [remat=1 ce=9 io=2 spill=3] insts=258 iface(in avg/max=13/13 out avg/max=0/0 exits avg x100=700)
julia-function-splitting: julia_mapreduce_impl_0: formed 0 regions cuts(target/clamp)=0/0 growfail(blocks/size/stuck)=0/0/6
julia-function-splitting: julia_format_0: formed 6 regions insts min/med/max=353/388/409 cuts(target/clamp)=2/4 growfail(blocks/size/stuck)=0/0/145
julia-function-splitting: privatized 0/5 tracked buffers (rejected: 5 shape, 0 coverage; rest store-only/odd-size)
julia-function-splitting: julia_format_0: top level has 6 nodes
julia-function-splitting: times(ms) chunk=0 form=0 group=0 process=0 [remat=1 ce=10 io=2 spill=3] insts=2314 iface(in avg/max=37/41 out avg/max=0/0 exits avg x100=200)
julia-function-splitting: julia_fmt_0: formed 0 regions cuts(target/clamp)=0/0 growfail(blocks/size/stuck)=0/0/30
julia-function-splitting: julia_fmt_1: formed 0 regions cuts(target/clamp)=0/0 growfail(blocks/size/stuck)=0/0/22
julia-function-splitting: julia_fmt_2: formed 0 regions cuts(target/clamp)=0/0 growfail(blocks/size/stuck)=0/0/22
julia-function-splitting: julia_fmt_3: formed 0 regions cuts(target/clamp)=0/0 growfail(blocks/size/stuck)=0/0/22
julia-function-splitting: julia_fmt_5: formed 0 regions cuts(target/clamp)=0/0 growfail(blocks/size/stuck)=0/0/16
julia-function-splitting: julia_fmt_6: formed 0 regions cuts(target/clamp)=0/0 growfail(blocks/size/stuck)=0/0/16
julia-function-splitting: julia_fmt_7: formed 0 regions cuts(target/clamp)=0/0 growfail(blocks/size/stuck)=0/0/16
julia-function-splitting: julia_fmt_9: formed 1 regions insts min/med/max=125/125/125 cuts(target/clamp)=0/1 growfail(blocks/size/stuck)=0/0/6
julia-function-splitting: privatized 0/0 tracked buffers (rejected: 0 shape, 0 coverage; rest store-only/odd-size)
julia-function-splitting: julia_fmt_9: top level has 1 nodes
julia-function-splitting: times(ms) chunk=0 form=0 group=0 process=0 [remat=1 ce=10 io=2 spill=3] insts=82 iface(in avg/max=15/15 out avg/max=0/0 exits avg x100=400)
julia-function-splitting: julia_fmt_10: formed 1 regions insts min/med/max=123/123/123 cuts(target/clamp)=0/1 growfail(blocks/size/stuck)=0/0/6
julia-function-splitting: privatized 0/0 tracked buffers (rejected: 0 shape, 0 coverage; rest store-only/odd-size)
julia-function-splitting: julia_fmt_10: top level has 1 nodes
julia-function-splitting: times(ms) chunk=0 form=0 group=0 process=0 [remat=1 ce=10 io=2 spill=3] insts=76 iface(in avg/max=13/13 out avg/max=0/0 exits avg x100=400)
julia-function-splitting: julia_mapreduce_impl_0: formed 0 regions cuts(target/clamp)=0/0 growfail(blocks/size/stuck)=0/0/6
julia-function-splitting: julia_blocks_expr_0: formed 1 regions insts min/med/max=265/265/265 cuts(target/clamp)=0/1 growfail(blocks/size/stuck)=0/0/2
julia-function-splitting: privatized 0/0 tracked buffers (rejected: 0 shape, 0 coverage; rest store-only/odd-size)
julia-function-splitting: julia_blocks_expr_0: top level has 1 nodes
julia-function-splitting: times(ms) chunk=0 form=0 group=0 process=0 [remat=0 ce=0 io=0 spill=0] insts=80 iface(in avg/max=8/8 out avg/max=0/0 exits avg x100=100)
julia-function-splitting: julia_timed_0: formed 0 regions cuts(target/clamp)=0/0 growfail(blocks/size/stuck)=0/0/1
julia-function-splitting: julia_timed_0: formed 0 regions cuts(target/clamp)=0/0 growfail(blocks/size/stuck)=0/0/1
julia-function-splitting: japi1_top-level scope_0: formed 0 regions cuts(target/clamp)=0/0 growfail(blocks/size/stuck)=0/0/8
julia-function-splitting: japi1_top-level scope_0: formed 1 regions insts min/med/max=202/202/202 cuts(target/clamp)=0/1 growfail(blocks/size/stuck)=0/0/5
julia-function-splitting: privatized 0/0 tracked buffers (rejected: 0 shape, 0 coverage; rest store-only/odd-size)
julia-function-splitting: japi1_top-level scope_0: top level has 1 nodes
julia-function-splitting: times(ms) chunk=0 form=0 group=0 process=0 [remat=0 ce=0 io=0 spill=0] insts=98 iface(in avg/max=15/15 out avg/max=0/0 exits avg x100=100)
julia-function-splitting: julia_bench_f_0: formed 178 regions insts min/med/max=550/829/837 cuts(target/clamp)=177/1 growfail(blocks/size/stuck)=0/0/180
julia-function-splitting: privatized 0/0 tracked buffers (rejected: 0 shape, 0 coverage; rest store-only/odd-size)
julia-function-splitting: julia_bench_f_0: top level has 8 nodes
julia-function-splitting: times(ms) chunk=0 form=4 group=1 process=91 [remat=3 ce=10 io=2 spill=1] insts=150 iface(in avg/max=8/9 out avg/max=0/0 exits avg x100=100)
julia-function-splitting: julia_bench_f_0: formed 0 regions cuts(target/clamp)=0/0 growfail(blocks/size/stuck)=0/0/2
julia-function-splitting: julia__foldl_impl_0: formed 0 regions cuts(target/clamp)=0/0 growfail(blocks/size/stuck)=0/0/77
julia-function-splitting: julia__foldl_impl_0: formed 0 regions cuts(target/clamp)=0/0 growfail(blocks/size/stuck)=0/0/65
julia-function-splitting: japi1_top-level scope_0: formed 1 regions insts min/med/max=299/299/299 cuts(target/clamp)=0/1 growfail(blocks/size/stuck)=0/0/1
julia-function-splitting: privatized 0/0 tracked buffers (rejected: 0 shape, 0 coverage; rest store-only/odd-size)
julia-function-splitting: japi1_top-level scope_0: top level has 1 nodes
julia-function-splitting: times(ms) chunk=0 form=0 group=0 process=0 [remat=3 ce=10 io=2 spill=1] insts=40 iface(in avg/max=7/7 out avg/max=0/0 exits avg x100=100)
julia-function-splitting: japi1_top-level scope_0: formed 1 regions insts min/med/max=313/313/313 cuts(target/clamp)=0/1 growfail(blocks/size/stuck)=0/0/2
julia-function-splitting: privatized 1/1 tracked buffers (rejected: 0 shape, 0 coverage; rest store-only/odd-size)
julia-function-splitting: japi1_top-level scope_0: top level has 1 nodes
julia-function-splitting: times(ms) chunk=0 form=0 group=0 process=0 [remat=3 ce=10 io=2 spill=1] insts=37 iface(in avg/max=4/4 out avg/max=0/0 exits avg x100=100)
julia-function-splitting: japi1_printf_0: formed 1 regions insts min/med/max=330/330/330 cuts(target/clamp)=0/1 growfail(blocks/size/stuck)=0/0/2
julia-function-splitting: privatized 1/4 tracked buffers (rejected: 0 shape, 3 coverage; rest store-only/odd-size)
julia-function-splitting: japi1_printf_0: top level has 1 nodes
julia-function-splitting: times(ms) chunk=0 form=0 group=0 process=0 [remat=3 ce=10 io=2 spill=1] insts=42 iface(in avg/max=7/7 out avg/max=0/0 exits avg x100=100)
julia-function-splitting: julia_Format_0: formed 0 regions cuts(target/clamp)=0/0 growfail(blocks/size/stuck)=0/0/132
julia-function-splitting: julia_Format_0: formed 0 regions cuts(target/clamp)=0/0 growfail(blocks/size/stuck)=0/0/109
julia-function-splitting: julia_format_0: formed 17 regions insts min/med/max=292/400/813 cuts(target/clamp)=4/13 growfail(blocks/size/stuck)=0/0/148
julia-function-splitting: privatized 0/1 tracked buffers (rejected: 0 shape, 1 coverage; rest store-only/odd-size)
julia-function-splitting: julia_format_0: top level has 17 nodes
julia-function-splitting: times(ms) chunk=0 form=0 group=0 process=4 [remat=3 ce=11 io=2 spill=2] insts=2514 iface(in avg/max=27/35 out avg/max=0/0 exits avg x100=237)
julia-function-splitting: julia_fmt_0: formed 0 regions cuts(target/clamp)=0/0 growfail(blocks/size/stuck)=0/0/54
julia-function-splitting: julia_fmt_1: formed 0 regions cuts(target/clamp)=0/0 growfail(blocks/size/stuck)=0/0/46
julia-function-splitting: julia_fmt_2: formed 0 regions cuts(target/clamp)=0/0 growfail(blocks/size/stuck)=0/0/46
julia-function-splitting: julia_fmt_3: formed 0 regions cuts(target/clamp)=0/0 growfail(blocks/size/stuck)=0/0/46
julia-function-splitting: julia_fmt_5: formed 0 regions cuts(target/clamp)=0/0 growfail(blocks/size/stuck)=0/0/35
julia-function-splitting: julia_fmt_6: formed 0 regions cuts(target/clamp)=0/0 growfail(blocks/size/stuck)=0/0/35
julia-function-splitting: julia_fmt_7: formed 0 regions cuts(target/clamp)=0/0 growfail(blocks/size/stuck)=0/0/35
julia-function-splitting: julia_fmt_9: formed 1 regions insts min/med/max=221/221/221 cuts(target/clamp)=0/1 growfail(blocks/size/stuck)=0/0/13
julia-function-splitting: privatized 0/0 tracked buffers (rejected: 0 shape, 0 coverage; rest store-only/odd-size)
julia-function-splitting: julia_fmt_9: top level has 1 nodes
julia-function-splitting: times(ms) chunk=0 form=0 group=0 process=0 [remat=3 ce=11 io=2 spill=2] insts=155 iface(in avg/max=14/14 out avg/max=0/0 exits avg x100=500)
julia-function-splitting: julia_fmt_10: formed 1 regions insts min/med/max=221/221/221 cuts(target/clamp)=0/1 growfail(blocks/size/stuck)=0/0/18
julia-function-splitting: privatized 0/0 tracked buffers (rejected: 0 shape, 0 coverage; rest store-only/odd-size)
julia-function-splitting: julia_fmt_10: top level has 1 nodes
julia-function-splitting: times(ms) chunk=0 form=0 group=0 process=0 [remat=3 ce=11 io=2 spill=2] insts=167 iface(in avg/max=13/13 out avg/max=0/0 exits avg x100=500)
julia-function-splitting: julia_mapreduce_impl_0: formed 0 regions cuts(target/clamp)=0/0 growfail(blocks/size/stuck)=0/0/6
julia-function-splitting: julia_format_0: formed 1 regions insts min/med/max=743/743/743 cuts(target/clamp)=0/1 growfail(blocks/size/stuck)=0/0/151
julia-function-splitting: privatized 0/7 tracked buffers (rejected: 7 shape, 0 coverage; rest store-only/odd-size)
julia-function-splitting: julia_format_0: top level has 1 nodes
julia-function-splitting: times(ms) chunk=0 form=0 group=0 process=0 [remat=3 ce=11 io=2 spill=2] insts=1147 iface(in avg/max=45/45 out avg/max=0/0 exits avg x100=200)
julia-function-splitting: julia_fmt_0: formed 0 regions cuts(target/clamp)=0/0 growfail(blocks/size/stuck)=0/0/40
julia-function-splitting: julia_fmt_1: formed 0 regions cuts(target/clamp)=0/0 growfail(blocks/size/stuck)=0/0/32
julia-function-splitting: julia_fmt_2: formed 0 regions cuts(target/clamp)=0/0 growfail(blocks/size/stuck)=0/0/32
julia-function-splitting: julia_fmt_3: formed 0 regions cuts(target/clamp)=0/0 growfail(blocks/size/stuck)=0/0/32
julia-function-splitting: julia_fmt_5: formed 0 regions cuts(target/clamp)=0/0 growfail(blocks/size/stuck)=0/0/30
julia-function-splitting: julia_fmt_6: formed 0 regions cuts(target/clamp)=0/0 growfail(blocks/size/stuck)=0/0/31
julia-function-splitting: julia_fmt_7: formed 0 regions cuts(target/clamp)=0/0 growfail(blocks/size/stuck)=0/0/30
julia-function-splitting: julia_fmt_9: formed 0 regions cuts(target/clamp)=0/0 growfail(blocks/size/stuck)=0/0/16
julia-function-splitting: julia_fmt_10: formed 0 regions cuts(target/clamp)=0/0 growfail(blocks/size/stuck)=0/0/16
julia-function-splitting: julia_mapreduce_impl_0: formed 0 regions cuts(target/clamp)=0/0 growfail(blocks/size/stuck)=0/0/6
julia-function-splitting: julia_blocks_expr_0: formed 0 regions cuts(target/clamp)=0/0 growfail(blocks/size/stuck)=0/0/13
julia-function-splitting: julia_blocks_expr_0: formed 0 regions cuts(target/clamp)=0/0 growfail(blocks/size/stuck)=0/0/9
julia-function-splitting: julia_timed_0: formed 0 regions cuts(target/clamp)=0/0 growfail(blocks/size/stuck)=0/0/1
julia-function-splitting: julia_timed_0: formed 0 regions cuts(target/clamp)=0/0 growfail(blocks/size/stuck)=0/0/1
julia-function-splitting: japi1_top-level scope_0: formed 0 regions cuts(target/clamp)=0/0 growfail(blocks/size/stuck)=0/0/8
julia-function-splitting: japi1_top-level scope_0: formed 0 regions cuts(target/clamp)=0/0 growfail(blocks/size/stuck)=0/0/8
julia-function-splitting: julia_bench_f_0: formed 89 regions insts min/med/max=1395/1633/1633 cuts(target/clamp)=88/1 growfail(blocks/size/stuck)=0/0/179
julia-function-splitting: privatized 0/0 tracked buffers (rejected: 0 shape, 0 coverage; rest store-only/odd-size)
julia-function-splitting: julia_bench_f_0: top level has 4 nodes
julia-function-splitting: times(ms) chunk=0 form=4 group=1 process=93 [remat=2 ce=10 io=2 spill=1] insts=394 iface(in avg/max=9/9 out avg/max=0/0 exits avg x100=197)
julia-function-splitting: julia_bench_f_0: formed 0 regions cuts(target/clamp)=0/0 growfail(blocks/size/stuck)=0/0/11
julia-function-splitting: julia__foldl_impl_0: formed 0 regions cuts(target/clamp)=0/0 growfail(blocks/size/stuck)=0/0/77
julia-function-splitting: julia__foldl_impl_0: formed 0 regions cuts(target/clamp)=0/0 growfail(blocks/size/stuck)=0/0/65
julia-function-splitting: japi1_top-level scope_0: formed 0 regions cuts(target/clamp)=0/0 growfail(blocks/size/stuck)=0/0/62
julia-function-splitting: japi1_top-level scope_0: formed 0 regions cuts(target/clamp)=0/0 growfail(blocks/size/stuck)=0/0/61
julia-function-splitting: japi1_top-level scope_0: formed 0 regions cuts(target/clamp)=0/0 growfail(blocks/size/stuck)=0/0/48
julia-function-splitting: japi1_top-level scope_0: formed 0 regions cuts(target/clamp)=0/0 growfail(blocks/size/stuck)=0/0/46
julia-function-splitting: japi1_printf_0: formed 0 regions cuts(target/clamp)=0/0 growfail(blocks/size/stuck)=0/0/62
julia-function-splitting: japi1_printf_0: formed 0 regions cuts(target/clamp)=0/0 growfail(blocks/size/stuck)=0/0/58
julia-function-splitting: julia_Format_0: formed 0 regions cuts(target/clamp)=0/0 growfail(blocks/size/stuck)=0/0/132
julia-function-splitting: julia_Format_0: formed 0 regions cuts(target/clamp)=0/0 growfail(blocks/size/stuck)=0/0/109
julia-function-splitting: julia_format_0: formed 7 regions insts min/med/max=400/400/1621 cuts(target/clamp)=2/5 growfail(blocks/size/stuck)=0/0/442
julia-function-splitting: privatized 0/1 tracked buffers (rejected: 0 shape, 1 coverage; rest store-only/odd-size)
julia-function-splitting: julia_format_0: top level has 7 nodes
julia-function-splitting: times(ms) chunk=0 form=1 group=0 process=2 [remat=2 ce=10 io=2 spill=1] insts=6209 iface(in avg/max=26/35 out avg/max=0/0 exits avg x100=266)
julia-function-splitting: julia_fmt_0: formed 0 regions cuts(target/clamp)=0/0 growfail(blocks/size/stuck)=0/0/54
julia-function-splitting: julia_fmt_1: formed 0 regions cuts(target/clamp)=0/0 growfail(blocks/size/stuck)=0/0/46
julia-function-splitting: julia_fmt_2: formed 0 regions cuts(target/clamp)=0/0 growfail(blocks/size/stuck)=0/0/46
julia-function-splitting: julia_fmt_3: formed 0 regions cuts(target/clamp)=0/0 growfail(blocks/size/stuck)=0/0/46
julia-function-splitting: julia_fmt_5: formed 0 regions cuts(target/clamp)=0/0 growfail(blocks/size/stuck)=0/0/35
julia-function-splitting: julia_fmt_6: formed 0 regions cuts(target/clamp)=0/0 growfail(blocks/size/stuck)=0/0/35
julia-function-splitting: julia_fmt_7: formed 0 regions cuts(target/clamp)=0/0 growfail(blocks/size/stuck)=0/0/35
julia-function-splitting: julia_fmt_9: formed 0 regions cuts(target/clamp)=0/0 growfail(blocks/size/stuck)=0/0/48
julia-function-splitting: julia_fmt_10: formed 0 regions cuts(target/clamp)=0/0 growfail(blocks/size/stuck)=0/0/53
julia-function-splitting: julia_mapreduce_impl_0: formed 0 regions cuts(target/clamp)=0/0 growfail(blocks/size/stuck)=0/0/6
julia-function-splitting: julia_format_0: formed 1 regions insts min/med/max=1521/1521/1521 cuts(target/clamp)=0/1 growfail(blocks/size/stuck)=0/0/436
julia-function-splitting: privatized 0/6 tracked buffers (rejected: 6 shape, 0 coverage; rest store-only/odd-size)
julia-function-splitting: julia_format_0: top level has 1 nodes
julia-function-splitting: times(ms) chunk=0 form=0 group=0 process=0 [remat=2 ce=10 io=2 spill=1] insts=3338 iface(in avg/max=21/21 out avg/max=0/0 exits avg x100=200)
julia-function-splitting: julia_fmt_0: formed 0 regions cuts(target/clamp)=0/0 growfail(blocks/size/stuck)=0/0/40
julia-function-splitting: julia_fmt_1: formed 0 regions cuts(target/clamp)=0/0 growfail(blocks/size/stuck)=0/0/32
julia-function-splitting: julia_fmt_2: formed 0 regions cuts(target/clamp)=0/0 growfail(blocks/size/stuck)=0/0/32
julia-function-splitting: julia_fmt_3: formed 0 regions cuts(target/clamp)=0/0 growfail(blocks/size/stuck)=0/0/32
julia-function-splitting: julia_fmt_5: formed 0 regions cuts(target/clamp)=0/0 growfail(blocks/size/stuck)=0/0/30
julia-function-splitting: julia_fmt_6: formed 0 regions cuts(target/clamp)=0/0 growfail(blocks/size/stuck)=0/0/31
julia-function-splitting: julia_fmt_7: formed 0 regions cuts(target/clamp)=0/0 growfail(blocks/size/stuck)=0/0/30
julia-function-splitting: julia_fmt_9: formed 0 regions cuts(target/clamp)=0/0 growfail(blocks/size/stuck)=0/0/46
julia-function-splitting: julia_fmt_10: formed 0 regions cuts(target/clamp)=0/0 growfail(blocks/size/stuck)=0/0/42
julia-function-splitting: julia_mapreduce_impl_0: formed 0 regions cuts(target/clamp)=0/0 growfail(blocks/size/stuck)=0/0/6
julia-function-splitting: julia_blocks_expr_0: formed 0 regions cuts(target/clamp)=0/0 growfail(blocks/size/stuck)=0/0/13
julia-function-splitting: julia_blocks_expr_0: formed 0 regions cuts(target/clamp)=0/0 growfail(blocks/size/stuck)=0/0/9
julia-function-splitting: julia_timed_0: formed 0 regions cuts(target/clamp)=0/0 growfail(blocks/size/stuck)=0/0/1
julia-function-splitting: julia_timed_0: formed 0 regions cuts(target/clamp)=0/0 growfail(blocks/size/stuck)=0/0/1
julia-function-splitting: japi1_top-level scope_0: formed 0 regions cuts(target/clamp)=0/0 growfail(blocks/size/stuck)=0/0/8
julia-function-splitting: japi1_top-level scope_0: formed 0 regions cuts(target/clamp)=0/0 growfail(blocks/size/stuck)=0/0/8
julia-function-splitting: julia_bench_f_0: formed 46 regions insts min/med/max=2232/3214/3214 cuts(target/clamp)=45/1 growfail(blocks/size/stuck)=0/0/93
julia-function-splitting: privatized 0/0 tracked buffers (rejected: 0 shape, 0 coverage; rest store-only/odd-size)
julia-function-splitting: julia_bench_f_0: top level has 2 nodes
julia-function-splitting: times(ms) chunk=0 form=4 group=5 process=101 [remat=3 ce=12 io=2 spill=0] insts=222 iface(in avg/max=9/9 out avg/max=0/0 exits avg x100=195)
julia-function-splitting: julia_bench_f_0: formed 0 regions cuts(target/clamp)=0/0 growfail(blocks/size/stuck)=0/0/5
julia-function-splitting: julia__foldl_impl_0: formed 0 regions cuts(target/clamp)=0/0 growfail(blocks/size/stuck)=0/0/77
julia-function-splitting: julia__foldl_impl_0: formed 0 regions cuts(target/clamp)=0/0 growfail(blocks/size/stuck)=0/0/65
julia-function-splitting: japi1_top-level scope_0: formed 0 regions cuts(target/clamp)=0/0 growfail(blocks/size/stuck)=0/0/62
julia-function-splitting: japi1_top-level scope_0: formed 0 regions cuts(target/clamp)=0/0 growfail(blocks/size/stuck)=0/0/61
julia-function-splitting: japi1_top-level scope_0: formed 0 regions cuts(target/clamp)=0/0 growfail(blocks/size/stuck)=0/0/48
julia-function-splitting: japi1_top-level scope_0: formed 0 regions cuts(target/clamp)=0/0 growfail(blocks/size/stuck)=0/0/46
julia-function-splitting: japi1_printf_0: formed 0 regions cuts(target/clamp)=0/0 growfail(blocks/size/stuck)=0/0/62
julia-function-splitting: japi1_printf_0: formed 0 regions cuts(target/clamp)=0/0 growfail(blocks/size/stuck)=0/0/58
julia-function-splitting: julia_Format_0: formed 0 regions cuts(target/clamp)=0/0 growfail(blocks/size/stuck)=0/0/132
julia-function-splitting: julia_Format_0: formed 0 regions cuts(target/clamp)=0/0 growfail(blocks/size/stuck)=0/0/109
julia-function-splitting: julia_format_0: formed 1 regions insts min/med/max=3224/3224/3224 cuts(target/clamp)=1/0 growfail(blocks/size/stuck)=0/0/713
julia-function-splitting: privatized 0/1 tracked buffers (rejected: 0 shape, 1 coverage; rest store-only/odd-size)
julia-function-splitting: julia_format_0: top level has 1 nodes
julia-function-splitting: times(ms) chunk=0 form=1 group=0 process=0 [remat=3 ce=12 io=2 spill=0] insts=9357 iface(in avg/max=0/0 out avg/max=0/0 exits avg x100=0)
julia-function-splitting: julia_fmt_0: formed 0 regions cuts(target/clamp)=0/0 growfail(blocks/size/stuck)=0/0/54
julia-function-splitting: julia_fmt_1: formed 0 regions cuts(target/clamp)=0/0 growfail(blocks/size/stuck)=0/0/46
julia-function-splitting: julia_fmt_2: formed 0 regions cuts(target/clamp)=0/0 growfail(blocks/size/stuck)=0/0/46
julia-function-splitting: julia_fmt_3: formed 0 regions cuts(target/clamp)=0/0 growfail(blocks/size/stuck)=0/0/46
julia-function-splitting: julia_fmt_5: formed 0 regions cuts(target/clamp)=0/0 growfail(blocks/size/stuck)=0/0/35
julia-function-splitting: julia_fmt_6: formed 0 regions cuts(target/clamp)=0/0 growfail(blocks/size/stuck)=0/0/35
julia-function-splitting: julia_fmt_7: formed 0 regions cuts(target/clamp)=0/0 growfail(blocks/size/stuck)=0/0/35
julia-function-splitting: julia_fmt_9: formed 0 regions cuts(target/clamp)=0/0 growfail(blocks/size/stuck)=0/0/48
julia-function-splitting: julia_fmt_10: formed 0 regions cuts(target/clamp)=0/0 growfail(blocks/size/stuck)=0/0/53
julia-function-splitting: julia_mapreduce_impl_0: formed 0 regions cuts(target/clamp)=0/0 growfail(blocks/size/stuck)=0/0/6
julia-function-splitting: julia_format_0: formed 1 regions insts min/med/max=3205/3205/3205 cuts(target/clamp)=1/0 growfail(blocks/size/stuck)=0/0/593
julia-function-splitting: privatized 0/2 tracked buffers (rejected: 0 shape, 2 coverage; rest store-only/odd-size)
julia-function-splitting: julia_format_0: top level has 1 nodes
julia-function-splitting: times(ms) chunk=0 form=1 group=0 process=1 [remat=3 ce=12 io=2 spill=0] insts=4414 iface(in avg/max=28/28 out avg/max=0/0 exits avg x100=300)
julia-function-splitting: julia_fmt_0: formed 0 regions cuts(target/clamp)=0/0 growfail(blocks/size/stuck)=0/0/40
julia-function-splitting: julia_fmt_1: formed 0 regions cuts(target/clamp)=0/0 growfail(blocks/size/stuck)=0/0/32
julia-function-splitting: julia_fmt_2: formed 0 regions cuts(target/clamp)=0/0 growfail(blocks/size/stuck)=0/0/32
julia-function-splitting: julia_fmt_3: formed 0 regions cuts(target/clamp)=0/0 growfail(blocks/size/stuck)=0/0/32
julia-function-splitting: julia_fmt_5: formed 0 regions cuts(target/clamp)=0/0 growfail(blocks/size/stuck)=0/0/30
julia-function-splitting: julia_fmt_6: formed 0 regions cuts(target/clamp)=0/0 growfail(blocks/size/stuck)=0/0/31
julia-function-splitting: julia_fmt_7: formed 0 regions cuts(target/clamp)=0/0 growfail(blocks/size/stuck)=0/0/30
julia-function-splitting: julia_fmt_9: formed 0 regions cuts(target/clamp)=0/0 growfail(blocks/size/stuck)=0/0/46
julia-function-splitting: julia_fmt_10: formed 0 regions cuts(target/clamp)=0/0 growfail(blocks/size/stuck)=0/0/42
julia-function-splitting: julia_mapreduce_impl_0: formed 0 regions cuts(target/clamp)=0/0 growfail(blocks/size/stuck)=0/0/6
julia-function-splitting: julia_blocks_expr_0: formed 0 regions cuts(target/clamp)=0/0 growfail(blocks/size/stuck)=0/0/13
julia-function-splitting: julia_blocks_expr_0: formed 0 regions cuts(target/clamp)=0/0 growfail(blocks/size/stuck)=0/0/9
julia-function-splitting: julia_timed_0: formed 0 regions cuts(target/clamp)=0/0 growfail(blocks/size/stuck)=0/0/1
julia-function-splitting: julia_timed_0: formed 0 regions cuts(target/clamp)=0/0 growfail(blocks/size/stuck)=0/0/1
julia-function-splitting: japi1_top-level scope_0: formed 0 regions cuts(target/clamp)=0/0 growfail(blocks/size/stuck)=0/0/8
julia-function-splitting: japi1_top-level scope_0: formed 0 regions cuts(target/clamp)=0/0 growfail(blocks/size/stuck)=0/0/8
julia-function-splitting: julia_bench_f_0: formed 23 regions insts min/med/max=6409/6409/6417 cuts(target/clamp)=23/0 growfail(blocks/size/stuck)=0/0/61
julia-function-splitting: privatized 0/0 tracked buffers (rejected: 0 shape, 0 coverage; rest store-only/odd-size)
julia-function-splitting: julia_bench_f_0: top level has 23 nodes
julia-function-splitting: times(ms) chunk=0 form=4 group=0 process=43 [remat=0 ce=4 io=0 spill=0] insts=1671 iface(in avg/max=9/9 out avg/max=0/0 exits avg x100=100)
julia-function-splitting: julia_bench_f_0: formed 0 regions cuts(target/clamp)=0/0 growfail(blocks/size/stuck)=0/0/38
julia-function-splitting: julia__foldl_impl_0: formed 0 regions cuts(target/clamp)=0/0 growfail(blocks/size/stuck)=0/0/77
julia-function-splitting: julia__foldl_impl_0: formed 0 regions cuts(target/clamp)=0/0 growfail(blocks/size/stuck)=0/0/65
julia-function-splitting: japi1_top-level scope_0: formed 0 regions cuts(target/clamp)=0/0 growfail(blocks/size/stuck)=0/0/62
julia-function-splitting: japi1_top-level scope_0: formed 0 regions cuts(target/clamp)=0/0 growfail(blocks/size/stuck)=0/0/61
julia-function-splitting: japi1_top-level scope_0: formed 0 regions cuts(target/clamp)=0/0 growfail(blocks/size/stuck)=0/0/48
julia-function-splitting: japi1_top-level scope_0: formed 0 regions cuts(target/clamp)=0/0 growfail(blocks/size/stuck)=0/0/46
julia-function-splitting: japi1_printf_0: formed 0 regions cuts(target/clamp)=0/0 growfail(blocks/size/stuck)=0/0/62
julia-function-splitting: japi1_printf_0: formed 0 regions cuts(target/clamp)=0/0 growfail(blocks/size/stuck)=0/0/58
julia-function-splitting: julia_Format_0: formed 0 regions cuts(target/clamp)=0/0 growfail(blocks/size/stuck)=0/0/132
julia-function-splitting: julia_Format_0: formed 0 regions cuts(target/clamp)=0/0 growfail(blocks/size/stuck)=0/0/109
julia-function-splitting: julia_format_0: formed 1 regions insts min/med/max=4082/4082/4082 cuts(target/clamp)=0/1 growfail(blocks/size/stuck)=0/0/609
julia-function-splitting: privatized 0/1 tracked buffers (rejected: 0 shape, 1 coverage; rest store-only/odd-size)
julia-function-splitting: julia_format_0: top level has 1 nodes
julia-function-splitting: times(ms) chunk=0 form=1 group=0 process=2 [remat=0 ce=4 io=0 spill=0] insts=6312 iface(in avg/max=35/35 out avg/max=0/0 exits avg x100=200)
julia-function-splitting: julia_fmt_0: formed 0 regions cuts(target/clamp)=0/0 growfail(blocks/size/stuck)=0/0/54
julia-function-splitting: julia_fmt_1: formed 0 regions cuts(target/clamp)=0/0 growfail(blocks/size/stuck)=0/0/46
julia-function-splitting: julia_fmt_2: formed 0 regions cuts(target/clamp)=0/0 growfail(blocks/size/stuck)=0/0/46
julia-function-splitting: julia_fmt_3: formed 0 regions cuts(target/clamp)=0/0 growfail(blocks/size/stuck)=0/0/46
julia-function-splitting: julia_fmt_5: formed 0 regions cuts(target/clamp)=0/0 growfail(blocks/size/stuck)=0/0/35
julia-function-splitting: julia_fmt_6: formed 0 regions cuts(target/clamp)=0/0 growfail(blocks/size/stuck)=0/0/35
julia-function-splitting: julia_fmt_7: formed 0 regions cuts(target/clamp)=0/0 growfail(blocks/size/stuck)=0/0/35
julia-function-splitting: julia_fmt_9: formed 0 regions cuts(target/clamp)=0/0 growfail(blocks/size/stuck)=0/0/48
julia-function-splitting: julia_fmt_10: formed 0 regions cuts(target/clamp)=0/0 growfail(blocks/size/stuck)=0/0/53
julia-function-splitting: julia_mapreduce_impl_0: formed 0 regions cuts(target/clamp)=0/0 growfail(blocks/size/stuck)=0/0/6
julia-function-splitting: julia_format_0: formed 0 regions cuts(target/clamp)=0/0 growfail(blocks/size/stuck)=0/0/584
julia-function-splitting: julia_fmt_0: formed 0 regions cuts(target/clamp)=0/0 growfail(blocks/size/stuck)=0/0/40
julia-function-splitting: julia_fmt_1: formed 0 regions cuts(target/clamp)=0/0 growfail(blocks/size/stuck)=0/0/32
julia-function-splitting: julia_fmt_2: formed 0 regions cuts(target/clamp)=0/0 growfail(blocks/size/stuck)=0/0/32
julia-function-splitting: julia_fmt_3: formed 0 regions cuts(target/clamp)=0/0 growfail(blocks/size/stuck)=0/0/32
julia-function-splitting: julia_fmt_5: formed 0 regions cuts(target/clamp)=0/0 growfail(blocks/size/stuck)=0/0/30
julia-function-splitting: julia_fmt_6: formed 0 regions cuts(target/clamp)=0/0 growfail(blocks/size/stuck)=0/0/31
julia-function-splitting: julia_fmt_7: formed 0 regions cuts(target/clamp)=0/0 growfail(blocks/size/stuck)=0/0/30
julia-function-splitting: julia_fmt_9: formed 0 regions cuts(target/clamp)=0/0 growfail(blocks/size/stuck)=0/0/46
julia-function-splitting: julia_fmt_10: formed 0 regions cuts(target/clamp)=0/0 growfail(blocks/size/stuck)=0/0/42
julia-function-splitting: julia_mapreduce_impl_0: formed 0 regions cuts(target/clamp)=0/0 growfail(blocks/size/stuck)=0/0/6
julia-function-splitting: julia_blocks_expr_0: formed 2 regions insts min/med/max=100/106/106 cuts(target/clamp)=0/2 growfail(blocks/size/stuck)=0/0/5
julia-function-splitting: privatized 0/0 tracked buffers (rejected: 0 shape, 0 coverage; rest store-only/odd-size)
julia-function-splitting: julia_blocks_expr_0: top level has 2 nodes
julia-function-splitting: times(ms) chunk=0 form=0 group=0 process=0 [remat=0 ce=0 io=0 spill=0] insts=183 iface(in avg/max=7/8 out avg/max=0/1 exits avg x100=200)
julia-function-splitting: julia_blocks_expr_0: formed 0 regions cuts(target/clamp)=0/0 growfail(blocks/size/stuck)=0/0/3
julia-function-splitting: julia_timed_0: formed 0 regions cuts(target/clamp)=0/0 growfail(blocks/size/stuck)=0/0/1
julia-function-splitting: julia_timed_0: formed 0 regions cuts(target/clamp)=0/0 growfail(blocks/size/stuck)=0/0/1
julia-function-splitting: japi1_top-level scope_0: formed 1 regions insts min/med/max=199/199/199 cuts(target/clamp)=0/1 growfail(blocks/size/stuck)=0/0/5
julia-function-splitting: privatized 0/0 tracked buffers (rejected: 0 shape, 0 coverage; rest store-only/odd-size)
julia-function-splitting: japi1_top-level scope_0: top level has 1 nodes
julia-function-splitting: times(ms) chunk=0 form=0 group=0 process=0 [remat=0 ce=0 io=0 spill=0] insts=101 iface(in avg/max=12/12 out avg/max=0/0 exits avg x100=100)
julia-function-splitting: japi1_top-level scope_0: formed 0 regions cuts(target/clamp)=0/0 growfail(blocks/size/stuck)=0/0/4
julia-function-splitting: julia_bench_f_0: formed 320 regions insts min/med/max=372/424/424 cuts(target/clamp)=319/1 growfail(blocks/size/stuck)=0/0/641
julia-function-splitting: privatized 0/0 tracked buffers (rejected: 0 shape, 0 coverage; rest store-only/odd-size)
julia-function-splitting: julia_bench_f_0: top level has 20 nodes
julia-function-splitting: times(ms) chunk=0 form=4 group=2 process=93 [remat=1 ce=9 io=2 spill=2] insts=1771 iface(in avg/max=9/9 out avg/max=0/0 exits avg x100=199)
julia-function-splitting: julia_bench_f_0: formed 4 regions insts min/med/max=324/407/415 cuts(target/clamp)=3/1 growfail(blocks/size/stuck)=0/0/6
julia-function-splitting: privatized 0/0 tracked buffers (rejected: 0 shape, 0 coverage; rest store-only/odd-size)
julia-function-splitting: julia_bench_f_0: top level has 4 nodes
julia-function-splitting: times(ms) chunk=0 form=0 group=0 process=0 [remat=1 ce=9 io=2 spill=2] insts=209 iface(in avg/max=9/9 out avg/max=0/0 exits avg x100=100)
julia-function-splitting: julia__foldl_impl_0: formed 0 regions cuts(target/clamp)=0/0 growfail(blocks/size/stuck)=0/0/77
julia-function-splitting: julia__foldl_impl_0: formed 0 regions cuts(target/clamp)=0/0 growfail(blocks/size/stuck)=0/0/65
julia-function-splitting: japi1_top-level scope_0: formed 1 regions insts min/med/max=299/299/299 cuts(target/clamp)=0/1 growfail(blocks/size/stuck)=0/0/1
julia-function-splitting: privatized 0/0 tracked buffers (rejected: 0 shape, 0 coverage; rest store-only/odd-size)
julia-function-splitting: japi1_top-level scope_0: top level has 1 nodes
julia-function-splitting: times(ms) chunk=0 form=0 group=0 process=0 [remat=1 ce=9 io=2 spill=2] insts=40 iface(in avg/max=7/7 out avg/max=0/0 exits avg x100=100)
julia-function-splitting: japi1_top-level scope_0: formed 2 regions insts min/med/max=132/181/181 cuts(target/clamp)=0/2 growfail(blocks/size/stuck)=0/0/3
julia-function-splitting: privatized 1/1 tracked buffers (rejected: 0 shape, 0 coverage; rest store-only/odd-size)
julia-function-splitting: japi1_top-level scope_0: top level has 2 nodes
julia-function-splitting: times(ms) chunk=0 form=0 group=0 process=0 [remat=1 ce=9 io=2 spill=2] insts=46 iface(in avg/max=3/5 out avg/max=0/1 exits avg x100=200)
julia-function-splitting: japi1_printf_0: formed 1 regions insts min/med/max=330/330/330 cuts(target/clamp)=0/1 growfail(blocks/size/stuck)=0/0/2
julia-function-splitting: privatized 1/4 tracked buffers (rejected: 0 shape, 3 coverage; rest store-only/odd-size)
julia-function-splitting: japi1_printf_0: top level has 1 nodes
julia-function-splitting: times(ms) chunk=0 form=0 group=0 process=0 [remat=1 ce=9 io=2 spill=2] insts=42 iface(in avg/max=7/7 out avg/max=0/0 exits avg x100=100)
julia-function-splitting: julia_Format_0: formed 2 regions insts min/med/max=118/190/190 cuts(target/clamp)=0/2 growfail(blocks/size/stuck)=0/0/93
julia-function-splitting: privatized 0/0 tracked buffers (rejected: 0 shape, 0 coverage; rest store-only/odd-size)
julia-function-splitting: julia_Format_0: top level has 2 nodes
julia-function-splitting: times(ms) chunk=0 form=0 group=0 process=0 [remat=1 ce=9 io=2 spill=2] insts=708 iface(in avg/max=16/19 out avg/max=0/0 exits avg x100=200)
julia-function-splitting: julia_Format_0: formed 0 regions cuts(target/clamp)=0/0 growfail(blocks/size/stuck)=0/0/74
julia-function-splitting: julia_format_0: formed 22 regions insts min/med/max=173/400/411 cuts(target/clamp)=13/9 growfail(blocks/size/stuck)=0/0/189
julia-function-splitting: privatized 0/1 tracked buffers (rejected: 0 shape, 1 coverage; rest store-only/odd-size)
julia-function-splitting: julia_format_0: top level has 22 nodes
julia-function-splitting: times(ms) chunk=0 form=0 group=0 process=3 [remat=1 ce=9 io=2 spill=3] insts=4299 iface(in avg/max=29/33 out avg/max=0/0 exits avg x100=212)
julia-function-splitting: julia_fmt_0: formed 1 regions insts min/med/max=120/120/120 cuts(target/clamp)=0/1 growfail(blocks/size/stuck)=0/0/40
julia-function-splitting: privatized 0/0 tracked buffers (rejected: 0 shape, 0 coverage; rest store-only/odd-size)
julia-function-splitting: julia_fmt_0: top level has 1 nodes
julia-function-splitting: times(ms) chunk=0 form=0 group=0 process=0 [remat=1 ce=9 io=2 spill=3] insts=287 iface(in avg/max=9/9 out avg/max=0/0 exits avg x100=300)
julia-function-splitting: julia_fmt_1: formed 1 regions insts min/med/max=120/120/120 cuts(target/clamp)=0/1 growfail(blocks/size/stuck)=0/0/32
julia-function-splitting: privatized 0/0 tracked buffers (rejected: 0 shape, 0 coverage; rest store-only/odd-size)
julia-function-splitting: julia_fmt_1: top level has 1 nodes
julia-function-splitting: times(ms) chunk=0 form=0 group=0 process=0 [remat=1 ce=9 io=2 spill=3] insts=240 iface(in avg/max=9/9 out avg/max=0/0 exits avg x100=300)
julia-function-splitting: julia_fmt_2: formed 1 regions insts min/med/max=120/120/120 cuts(target/clamp)=0/1 growfail(blocks/size/stuck)=0/0/32
julia-function-splitting: privatized 0/0 tracked buffers (rejected: 0 shape, 0 coverage; rest store-only/odd-size)
julia-function-splitting: julia_fmt_2: top level has 1 nodes
julia-function-splitting: times(ms) chunk=0 form=0 group=0 process=0 [remat=1 ce=9 io=2 spill=3] insts=240 iface(in avg/max=9/9 out avg/max=0/0 exits avg x100=300)
julia-function-splitting: julia_fmt_3: formed 1 regions insts min/med/max=120/120/120 cuts(target/clamp)=0/1 growfail(blocks/size/stuck)=0/0/32
julia-function-splitting: privatized 0/0 tracked buffers (rejected: 0 shape, 0 coverage; rest store-only/odd-size)
julia-function-splitting: julia_fmt_3: top level has 1 nodes
julia-function-splitting: times(ms) chunk=0 form=0 group=0 process=0 [remat=1 ce=9 io=2 spill=3] insts=247 iface(in avg/max=9/9 out avg/max=0/0 exits avg x100=300)
julia-function-splitting: julia_fmt_5: formed 1 regions insts min/med/max=157/157/157 cuts(target/clamp)=0/1 growfail(blocks/size/stuck)=0/0/16
julia-function-splitting: privatized 0/0 tracked buffers (rejected: 0 shape, 0 coverage; rest store-only/odd-size)
julia-function-splitting: julia_fmt_5: top level has 1 nodes
julia-function-splitting: times(ms) chunk=0 form=0 group=0 process=0 [remat=1 ce=9 io=2 spill=3] insts=213 iface(in avg/max=14/14 out avg/max=0/0 exits avg x100=600)
julia-function-splitting: julia_fmt_6: formed 1 regions insts min/med/max=157/157/157 cuts(target/clamp)=0/1 growfail(blocks/size/stuck)=0/0/16
julia-function-splitting: privatized 0/0 tracked buffers (rejected: 0 shape, 0 coverage; rest store-only/odd-size)
julia-function-splitting: julia_fmt_6: top level has 1 nodes
julia-function-splitting: times(ms) chunk=0 form=0 group=0 process=0 [remat=1 ce=9 io=2 spill=3] insts=212 iface(in avg/max=13/13 out avg/max=0/0 exits avg x100=600)
julia-function-splitting: julia_fmt_7: formed 1 regions insts min/med/max=153/153/153 cuts(target/clamp)=0/1 growfail(blocks/size/stuck)=0/0/16
julia-function-splitting: privatized 0/0 tracked buffers (rejected: 0 shape, 0 coverage; rest store-only/odd-size)
julia-function-splitting: julia_fmt_7: top level has 1 nodes
julia-function-splitting: times(ms) chunk=0 form=0 group=0 process=0 [remat=1 ce=9 io=2 spill=3] insts=214 iface(in avg/max=14/14 out avg/max=0/0 exits avg x100=600)
julia-function-splitting: julia_fmt_9: formed 1 regions insts min/med/max=142/142/142 cuts(target/clamp)=0/1 growfail(blocks/size/stuck)=0/0/24
julia-function-splitting: privatized 0/0 tracked buffers (rejected: 0 shape, 0 coverage; rest store-only/odd-size)
julia-function-splitting: julia_fmt_9: top level has 1 nodes
julia-function-splitting: times(ms) chunk=0 form=0 group=0 process=0 [remat=1 ce=9 io=2 spill=3] insts=246 iface(in avg/max=14/14 out avg/max=0/0 exits avg x100=700)
julia-function-splitting: julia_fmt_10: formed 1 regions insts min/med/max=142/142/142 cuts(target/clamp)=0/1 growfail(blocks/size/stuck)=0/0/29
julia-function-splitting: privatized 0/0 tracked buffers (rejected: 0 shape, 0 coverage; rest store-only/odd-size)
julia-function-splitting: julia_fmt_10: top level has 1 nodes
julia-function-splitting: times(ms) chunk=0 form=0 group=0 process=0 [remat=1 ce=9 io=2 spill=3] insts=258 iface(in avg/max=13/13 out avg/max=0/0 exits avg x100=700)
julia-function-splitting: julia_mapreduce_impl_0: formed 0 regions cuts(target/clamp)=0/0 growfail(blocks/size/stuck)=0/0/6
julia-function-splitting: julia_format_0: formed 6 regions insts min/med/max=353/388/409 cuts(target/clamp)=2/4 growfail(blocks/size/stuck)=0/0/145
julia-function-splitting: privatized 0/5 tracked buffers (rejected: 5 shape, 0 coverage; rest store-only/odd-size)
julia-function-splitting: julia_format_0: top level has 6 nodes
julia-function-splitting: times(ms) chunk=0 form=0 group=0 process=0 [remat=1 ce=10 io=2 spill=3] insts=2314 iface(in avg/max=37/41 out avg/max=0/0 exits avg x100=200)
julia-function-splitting: julia_fmt_0: formed 0 regions cuts(target/clamp)=0/0 growfail(blocks/size/stuck)=0/0/30
julia-function-splitting: julia_fmt_1: formed 0 regions cuts(target/clamp)=0/0 growfail(blocks/size/stuck)=0/0/22
julia-function-splitting: julia_fmt_2: formed 0 regions cuts(target/clamp)=0/0 growfail(blocks/size/stuck)=0/0/22
julia-function-splitting: julia_fmt_3: formed 0 regions cuts(target/clamp)=0/0 growfail(blocks/size/stuck)=0/0/22
julia-function-splitting: julia_fmt_5: formed 0 regions cuts(target/clamp)=0/0 growfail(blocks/size/stuck)=0/0/16
julia-function-splitting: julia_fmt_6: formed 0 regions cuts(target/clamp)=0/0 growfail(blocks/size/stuck)=0/0/16
julia-function-splitting: julia_fmt_7: formed 0 regions cuts(target/clamp)=0/0 growfail(blocks/size/stuck)=0/0/16
julia-function-splitting: julia_fmt_9: formed 1 regions insts min/med/max=125/125/125 cuts(target/clamp)=0/1 growfail(blocks/size/stuck)=0/0/6
julia-function-splitting: privatized 0/0 tracked buffers (rejected: 0 shape, 0 coverage; rest store-only/odd-size)
julia-function-splitting: julia_fmt_9: top level has 1 nodes
julia-function-splitting: times(ms) chunk=0 form=0 group=0 process=0 [remat=1 ce=10 io=2 spill=3] insts=82 iface(in avg/max=15/15 out avg/max=0/0 exits avg x100=400)
julia-function-splitting: julia_fmt_10: formed 1 regions insts min/med/max=123/123/123 cuts(target/clamp)=0/1 growfail(blocks/size/stuck)=0/0/6
julia-function-splitting: privatized 0/0 tracked buffers (rejected: 0 shape, 0 coverage; rest store-only/odd-size)
julia-function-splitting: julia_fmt_10: top level has 1 nodes
julia-function-splitting: times(ms) chunk=0 form=0 group=0 process=0 [remat=1 ce=10 io=2 spill=3] insts=76 iface(in avg/max=13/13 out avg/max=0/0 exits avg x100=400)
julia-function-splitting: julia_mapreduce_impl_0: formed 0 regions cuts(target/clamp)=0/0 growfail(blocks/size/stuck)=0/0/6
julia-function-splitting: julia_blocks_expr_0: formed 1 regions insts min/med/max=265/265/265 cuts(target/clamp)=0/1 growfail(blocks/size/stuck)=0/0/2
julia-function-splitting: privatized 0/0 tracked buffers (rejected: 0 shape, 0 coverage; rest store-only/odd-size)
julia-function-splitting: julia_blocks_expr_0: top level has 1 nodes
julia-function-splitting: times(ms) chunk=0 form=0 group=0 process=0 [remat=0 ce=0 io=0 spill=0] insts=80 iface(in avg/max=8/8 out avg/max=0/0 exits avg x100=100)
julia-function-splitting: julia_timed_0: formed 0 regions cuts(target/clamp)=0/0 growfail(blocks/size/stuck)=0/0/1
julia-function-splitting: julia_timed_0: formed 0 regions cuts(target/clamp)=0/0 growfail(blocks/size/stuck)=0/0/1
julia-function-splitting: japi1_top-level scope_0: formed 0 regions cuts(target/clamp)=0/0 growfail(blocks/size/stuck)=0/0/8
julia-function-splitting: japi1_top-level scope_0: formed 1 regions insts min/med/max=202/202/202 cuts(target/clamp)=0/1 growfail(blocks/size/stuck)=0/0/5
julia-function-splitting: privatized 0/0 tracked buffers (rejected: 0 shape, 0 coverage; rest store-only/odd-size)
julia-function-splitting: japi1_top-level scope_0: top level has 1 nodes
julia-function-splitting: times(ms) chunk=0 form=0 group=0 process=0 [remat=0 ce=0 io=0 spill=0] insts=98 iface(in avg/max=15/15 out avg/max=0/0 exits avg x100=100)
julia-function-splitting: julia_bench_f_0: formed 178 regions insts min/med/max=550/829/837 cuts(target/clamp)=177/1 growfail(blocks/size/stuck)=0/0/180
julia-function-splitting: privatized 0/0 tracked buffers (rejected: 0 shape, 0 coverage; rest store-only/odd-size)
julia-function-splitting: julia_bench_f_0: top level has 8 nodes
julia-function-splitting: times(ms) chunk=0 form=5 group=1 process=96 [remat=3 ce=11 io=2 spill=1] insts=150 iface(in avg/max=8/9 out avg/max=0/0 exits avg x100=100)
julia-function-splitting: julia_bench_f_0: formed 0 regions cuts(target/clamp)=0/0 growfail(blocks/size/stuck)=0/0/2
julia-function-splitting: julia__foldl_impl_0: formed 0 regions cuts(target/clamp)=0/0 growfail(blocks/size/stuck)=0/0/77
julia-function-splitting: julia__foldl_impl_0: formed 0 regions cuts(target/clamp)=0/0 growfail(blocks/size/stuck)=0/0/65
julia-function-splitting: japi1_top-level scope_0: formed 1 regions insts min/med/max=299/299/299 cuts(target/clamp)=0/1 growfail(blocks/size/stuck)=0/0/1
julia-function-splitting: privatized 0/0 tracked buffers (rejected: 0 shape, 0 coverage; rest store-only/odd-size)
julia-function-splitting: japi1_top-level scope_0: top level has 1 nodes
julia-function-splitting: times(ms) chunk=0 form=0 group=0 process=0 [remat=3 ce=11 io=2 spill=1] insts=40 iface(in avg/max=7/7 out avg/max=0/0 exits avg x100=100)
julia-function-splitting: japi1_top-level scope_0: formed 1 regions insts min/med/max=313/313/313 cuts(target/clamp)=0/1 growfail(blocks/size/stuck)=0/0/2
julia-function-splitting: privatized 1/1 tracked buffers (rejected: 0 shape, 0 coverage; rest store-only/odd-size)
julia-function-splitting: japi1_top-level scope_0: top level has 1 nodes
julia-function-splitting: times(ms) chunk=0 form=0 group=0 process=0 [remat=3 ce=11 io=2 spill=1] insts=37 iface(in avg/max=4/4 out avg/max=0/0 exits avg x100=100)
julia-function-splitting: japi1_printf_0: formed 1 regions insts min/med/max=330/330/330 cuts(target/clamp)=0/1 growfail(blocks/size/stuck)=0/0/2
julia-function-splitting: privatized 1/4 tracked buffers (rejected: 0 shape, 3 coverage; rest store-only/odd-size)
julia-function-splitting: japi1_printf_0: top level has 1 nodes
julia-function-splitting: times(ms) chunk=0 form=0 group=0 process=0 [remat=3 ce=11 io=2 spill=1] insts=42 iface(in avg/max=7/7 out avg/max=0/0 exits avg x100=100)
julia-function-splitting: julia_Format_0: formed 0 regions cuts(target/clamp)=0/0 growfail(blocks/size/stuck)=0/0/132
julia-function-splitting: julia_Format_0: formed 0 regions cuts(target/clamp)=0/0 growfail(blocks/size/stuck)=0/0/109
julia-function-splitting: julia_format_0: formed 17 regions insts min/med/max=292/400/813 cuts(target/clamp)=4/13 growfail(blocks/size/stuck)=0/0/148
julia-function-splitting: privatized 0/1 tracked buffers (rejected: 0 shape, 1 coverage; rest store-only/odd-size)
julia-function-splitting: julia_format_0: top level has 17 nodes
julia-function-splitting: times(ms) chunk=0 form=0 group=0 process=4 [remat=3 ce=12 io=2 spill=2] insts=2514 iface(in avg/max=27/35 out avg/max=0/0 exits avg x100=237)
julia-function-splitting: julia_fmt_0: formed 0 regions cuts(target/clamp)=0/0 growfail(blocks/size/stuck)=0/0/54
julia-function-splitting: julia_fmt_1: formed 0 regions cuts(target/clamp)=0/0 growfail(blocks/size/stuck)=0/0/46
julia-function-splitting: julia_fmt_2: formed 0 regions cuts(target/clamp)=0/0 growfail(blocks/size/stuck)=0/0/46
julia-function-splitting: julia_fmt_3: formed 0 regions cuts(target/clamp)=0/0 growfail(blocks/size/stuck)=0/0/46
julia-function-splitting: julia_fmt_5: formed 0 regions cuts(target/clamp)=0/0 growfail(blocks/size/stuck)=0/0/35
julia-function-splitting: julia_fmt_6: formed 0 regions cuts(target/clamp)=0/0 growfail(blocks/size/stuck)=0/0/35
julia-function-splitting: julia_fmt_7: formed 0 regions cuts(target/clamp)=0/0 growfail(blocks/size/stuck)=0/0/35
julia-function-splitting: julia_fmt_9: formed 1 regions insts min/med/max=221/221/221 cuts(target/clamp)=0/1 growfail(blocks/size/stuck)=0/0/13
julia-function-splitting: privatized 0/0 tracked buffers (rejected: 0 shape, 0 coverage; rest store-only/odd-size)
julia-function-splitting: julia_fmt_9: top level has 1 nodes
julia-function-splitting: times(ms) chunk=0 form=0 group=0 process=0 [remat=3 ce=12 io=2 spill=2] insts=155 iface(in avg/max=14/14 out avg/max=0/0 exits avg x100=500)
julia-function-splitting: julia_fmt_10: formed 1 regions insts min/med/max=221/221/221 cuts(target/clamp)=0/1 growfail(blocks/size/stuck)=0/0/18
julia-function-splitting: privatized 0/0 tracked buffers (rejected: 0 shape, 0 coverage; rest store-only/odd-size)
julia-function-splitting: julia_fmt_10: top level has 1 nodes
julia-function-splitting: times(ms) chunk=0 form=0 group=0 process=0 [remat=3 ce=12 io=2 spill=2] insts=167 iface(in avg/max=13/13 out avg/max=0/0 exits avg x100=500)
julia-function-splitting: julia_mapreduce_impl_0: formed 0 regions cuts(target/clamp)=0/0 growfail(blocks/size/stuck)=0/0/6
julia-function-splitting: julia_format_0: formed 1 regions insts min/med/max=743/743/743 cuts(target/clamp)=0/1 growfail(blocks/size/stuck)=0/0/151
julia-function-splitting: privatized 0/7 tracked buffers (rejected: 7 shape, 0 coverage; rest store-only/odd-size)
julia-function-splitting: julia_format_0: top level has 1 nodes
julia-function-splitting: times(ms) chunk=0 form=0 group=0 process=0 [remat=3 ce=12 io=2 spill=2] insts=1147 iface(in avg/max=45/45 out avg/max=0/0 exits avg x100=200)
julia-function-splitting: julia_fmt_0: formed 0 regions cuts(target/clamp)=0/0 growfail(blocks/size/stuck)=0/0/40
julia-function-splitting: julia_fmt_1: formed 0 regions cuts(target/clamp)=0/0 growfail(blocks/size/stuck)=0/0/32
julia-function-splitting: julia_fmt_2: formed 0 regions cuts(target/clamp)=0/0 growfail(blocks/size/stuck)=0/0/32
julia-function-splitting: julia_fmt_3: formed 0 regions cuts(target/clamp)=0/0 growfail(blocks/size/stuck)=0/0/32
julia-function-splitting: julia_fmt_5: formed 0 regions cuts(target/clamp)=0/0 growfail(blocks/size/stuck)=0/0/30
julia-function-splitting: julia_fmt_6: formed 0 regions cuts(target/clamp)=0/0 growfail(blocks/size/stuck)=0/0/31
julia-function-splitting: julia_fmt_7: formed 0 regions cuts(target/clamp)=0/0 growfail(blocks/size/stuck)=0/0/30
julia-function-splitting: julia_fmt_9: formed 0 regions cuts(target/clamp)=0/0 growfail(blocks/size/stuck)=0/0/16
julia-function-splitting: julia_fmt_10: formed 0 regions cuts(target/clamp)=0/0 growfail(blocks/size/stuck)=0/0/16
julia-function-splitting: julia_mapreduce_impl_0: formed 0 regions cuts(target/clamp)=0/0 growfail(blocks/size/stuck)=0/0/6
julia-function-splitting: julia_blocks_expr_0: formed 0 regions cuts(target/clamp)=0/0 growfail(blocks/size/stuck)=0/0/13
julia-function-splitting: julia_blocks_expr_0: formed 0 regions cuts(target/clamp)=0/0 growfail(blocks/size/stuck)=0/0/9
julia-function-splitting: julia_timed_0: formed 0 regions cuts(target/clamp)=0/0 growfail(blocks/size/stuck)=0/0/1
julia-function-splitting: julia_timed_0: formed 0 regions cuts(target/clamp)=0/0 growfail(blocks/size/stuck)=0/0/1
julia-function-splitting: japi1_top-level scope_0: formed 0 regions cuts(target/clamp)=0/0 growfail(blocks/size/stuck)=0/0/8
julia-function-splitting: japi1_top-level scope_0: formed 0 regions cuts(target/clamp)=0/0 growfail(blocks/size/stuck)=0/0/8
julia-function-splitting: julia_bench_f_0: formed 89 regions insts min/med/max=1395/1633/1633 cuts(target/clamp)=88/1 growfail(blocks/size/stuck)=0/0/179
julia-function-splitting: privatized 0/0 tracked buffers (rejected: 0 shape, 0 coverage; rest store-only/odd-size)
julia-function-splitting: julia_bench_f_0: top level has 4 nodes
julia-function-splitting: times(ms) chunk=0 form=7 group=2 process=132 [remat=3 ce=14 io=3 spill=1] insts=394 iface(in avg/max=9/9 out avg/max=0/0 exits avg x100=197)
julia-function-splitting: julia_bench_f_0: formed 0 regions cuts(target/clamp)=0/0 growfail(blocks/size/stuck)=0/0/11
julia-function-splitting: julia__foldl_impl_0: formed 0 regions cuts(target/clamp)=0/0 growfail(blocks/size/stuck)=0/0/77
julia-function-splitting: julia__foldl_impl_0: formed 0 regions cuts(target/clamp)=0/0 growfail(blocks/size/stuck)=0/0/65
julia-function-splitting: japi1_top-level scope_0: formed 0 regions cuts(target/clamp)=0/0 growfail(blocks/size/stuck)=0/0/62
julia-function-splitting: japi1_top-level scope_0: formed 0 regions cuts(target/clamp)=0/0 growfail(blocks/size/stuck)=0/0/61
julia-function-splitting: japi1_top-level scope_0: formed 0 regions cuts(target/clamp)=0/0 growfail(blocks/size/stuck)=0/0/48
julia-function-splitting: japi1_top-level scope_0: formed 0 regions cuts(target/clamp)=0/0 growfail(blocks/size/stuck)=0/0/46
julia-function-splitting: japi1_printf_0: formed 0 regions cuts(target/clamp)=0/0 growfail(blocks/size/stuck)=0/0/62
julia-function-splitting: japi1_printf_0: formed 0 regions cuts(target/clamp)=0/0 growfail(blocks/size/stuck)=0/0/58
julia-function-splitting: julia_Format_0: formed 0 regions cuts(target/clamp)=0/0 growfail(blocks/size/stuck)=0/0/132
julia-function-splitting: julia_Format_0: formed 0 regions cuts(target/clamp)=0/0 growfail(blocks/size/stuck)=0/0/109
julia-function-splitting: julia_format_0: formed 7 regions insts min/med/max=400/400/1621 cuts(target/clamp)=2/5 growfail(blocks/size/stuck)=0/0/442
julia-function-splitting: privatized 0/1 tracked buffers (rejected: 0 shape, 1 coverage; rest store-only/odd-size)
julia-function-splitting: julia_format_0: top level has 7 nodes
julia-function-splitting: times(ms) chunk=0 form=1 group=0 process=3 [remat=3 ce=15 io=3 spill=2] insts=6209 iface(in avg/max=26/35 out avg/max=0/0 exits avg x100=266)
julia-function-splitting: julia_fmt_0: formed 0 regions cuts(target/clamp)=0/0 growfail(blocks/size/stuck)=0/0/54
julia-function-splitting: julia_fmt_1: formed 0 regions cuts(target/clamp)=0/0 growfail(blocks/size/stuck)=0/0/46
julia-function-splitting: julia_fmt_2: formed 0 regions cuts(target/clamp)=0/0 growfail(blocks/size/stuck)=0/0/46
julia-function-splitting: julia_fmt_3: formed 0 regions cuts(target/clamp)=0/0 growfail(blocks/size/stuck)=0/0/46
julia-function-splitting: julia_fmt_5: formed 0 regions cuts(target/clamp)=0/0 growfail(blocks/size/stuck)=0/0/35
julia-function-splitting: julia_fmt_6: formed 0 regions cuts(target/clamp)=0/0 growfail(blocks/size/stuck)=0/0/35
julia-function-splitting: julia_fmt_7: formed 0 regions cuts(target/clamp)=0/0 growfail(blocks/size/stuck)=0/0/35
julia-function-splitting: julia_fmt_9: formed 0 regions cuts(target/clamp)=0/0 growfail(blocks/size/stuck)=0/0/48
julia-function-splitting: julia_fmt_10: formed 0 regions cuts(target/clamp)=0/0 growfail(blocks/size/stuck)=0/0/53
julia-function-splitting: julia_mapreduce_impl_0: formed 0 regions cuts(target/clamp)=0/0 growfail(blocks/size/stuck)=0/0/6
julia-function-splitting: julia_format_0: formed 1 regions insts min/med/max=1521/1521/1521 cuts(target/clamp)=0/1 growfail(blocks/size/stuck)=0/0/436
julia-function-splitting: privatized 0/6 tracked buffers (rejected: 6 shape, 0 coverage; rest store-only/odd-size)
julia-function-splitting: julia_format_0: top level has 1 nodes
julia-function-splitting: times(ms) chunk=0 form=1 group=0 process=1 [remat=3 ce=15 io=3 spill=2] insts=3338 iface(in avg/max=21/21 out avg/max=0/0 exits avg x100=200)
julia-function-splitting: julia_fmt_0: formed 0 regions cuts(target/clamp)=0/0 growfail(blocks/size/stuck)=0/0/40
julia-function-splitting: julia_fmt_1: formed 0 regions cuts(target/clamp)=0/0 growfail(blocks/size/stuck)=0/0/32
julia-function-splitting: julia_fmt_2: formed 0 regions cuts(target/clamp)=0/0 growfail(blocks/size/stuck)=0/0/32
julia-function-splitting: julia_fmt_3: formed 0 regions cuts(target/clamp)=0/0 growfail(blocks/size/stuck)=0/0/32
julia-function-splitting: julia_fmt_5: formed 0 regions cuts(target/clamp)=0/0 growfail(blocks/size/stuck)=0/0/30
julia-function-splitting: julia_fmt_6: formed 0 regions cuts(target/clamp)=0/0 growfail(blocks/size/stuck)=0/0/31
julia-function-splitting: julia_fmt_7: formed 0 regions cuts(target/clamp)=0/0 growfail(blocks/size/stuck)=0/0/30
julia-function-splitting: julia_fmt_9: formed 0 regions cuts(target/clamp)=0/0 growfail(blocks/size/stuck)=0/0/46
julia-function-splitting: julia_fmt_10: formed 0 regions cuts(target/clamp)=0/0 growfail(blocks/size/stuck)=0/0/42
julia-function-splitting: julia_mapreduce_impl_0: formed 0 regions cuts(target/clamp)=0/0 growfail(blocks/size/stuck)=0/0/6
julia-function-splitting: julia_blocks_expr_0: formed 0 regions cuts(target/clamp)=0/0 growfail(blocks/size/stuck)=0/0/13
julia-function-splitting: julia_blocks_expr_0: formed 0 regions cuts(target/clamp)=0/0 growfail(blocks/size/stuck)=0/0/9
julia-function-splitting: julia_timed_0: formed 0 regions cuts(target/clamp)=0/0 growfail(blocks/size/stuck)=0/0/1
julia-function-splitting: julia_timed_0: formed 0 regions cuts(target/clamp)=0/0 growfail(blocks/size/stuck)=0/0/1
julia-function-splitting: japi1_top-level scope_0: formed 0 regions cuts(target/clamp)=0/0 growfail(blocks/size/stuck)=0/0/8
julia-function-splitting: japi1_top-level scope_0: formed 0 regions cuts(target/clamp)=0/0 growfail(blocks/size/stuck)=0/0/8
julia-function-splitting: julia_bench_f_0: formed 46 regions insts min/med/max=2232/3214/3214 cuts(target/clamp)=45/1 growfail(blocks/size/stuck)=0/0/93
julia-function-splitting: privatized 0/0 tracked buffers (rejected: 0 shape, 0 coverage; rest store-only/odd-size)
julia-function-splitting: julia_bench_f_0: top level has 2 nodes
julia-function-splitting: times(ms) chunk=0 form=6 group=2 process=132 [remat=3 ce=16 io=4 spill=0] insts=222 iface(in avg/max=9/9 out avg/max=0/0 exits avg x100=195)
julia-function-splitting: julia_bench_f_0: formed 0 regions cuts(target/clamp)=0/0 growfail(blocks/size/stuck)=0/0/5
julia-function-splitting: julia__foldl_impl_0: formed 0 regions cuts(target/clamp)=0/0 growfail(blocks/size/stuck)=0/0/77
julia-function-splitting: julia__foldl_impl_0: formed 0 regions cuts(target/clamp)=0/0 growfail(blocks/size/stuck)=0/0/65
julia-function-splitting: japi1_top-level scope_0: formed 0 regions cuts(target/clamp)=0/0 growfail(blocks/size/stuck)=0/0/62
julia-function-splitting: japi1_top-level scope_0: formed 0 regions cuts(target/clamp)=0/0 growfail(blocks/size/stuck)=0/0/61
julia-function-splitting: japi1_top-level scope_0: formed 0 regions cuts(target/clamp)=0/0 growfail(blocks/size/stuck)=0/0/48
julia-function-splitting: japi1_top-level scope_0: formed 0 regions cuts(target/clamp)=0/0 growfail(blocks/size/stuck)=0/0/46
julia-function-splitting: japi1_printf_0: formed 0 regions cuts(target/clamp)=0/0 growfail(blocks/size/stuck)=0/0/62
julia-function-splitting: japi1_printf_0: formed 0 regions cuts(target/clamp)=0/0 growfail(blocks/size/stuck)=0/0/58
julia-function-splitting: julia_Format_0: formed 0 regions cuts(target/clamp)=0/0 growfail(blocks/size/stuck)=0/0/132
julia-function-splitting: julia_Format_0: formed 0 regions cuts(target/clamp)=0/0 growfail(blocks/size/stuck)=0/0/109
julia-function-splitting: julia_format_0: formed 1 regions insts min/med/max=3224/3224/3224 cuts(target/clamp)=1/0 growfail(blocks/size/stuck)=0/0/713
julia-function-splitting: privatized 0/1 tracked buffers (rejected: 0 shape, 1 coverage; rest store-only/odd-size)
julia-function-splitting: julia_format_0: top level has 1 nodes
julia-function-splitting: times(ms) chunk=0 form=2 group=0 process=0 [remat=4 ce=16 io=4 spill=0] insts=9357 iface(in avg/max=0/0 out avg/max=0/0 exits avg x100=0)
julia-function-splitting: julia_fmt_0: formed 0 regions cuts(target/clamp)=0/0 growfail(blocks/size/stuck)=0/0/54
julia-function-splitting: julia_fmt_1: formed 0 regions cuts(target/clamp)=0/0 growfail(blocks/size/stuck)=0/0/46
julia-function-splitting: julia_fmt_2: formed 0 regions cuts(target/clamp)=0/0 growfail(blocks/size/stuck)=0/0/46
julia-function-splitting: julia_fmt_3: formed 0 regions cuts(target/clamp)=0/0 growfail(blocks/size/stuck)=0/0/46
julia-function-splitting: julia_fmt_5: formed 0 regions cuts(target/clamp)=0/0 growfail(blocks/size/stuck)=0/0/35
julia-function-splitting: julia_fmt_6: formed 0 regions cuts(target/clamp)=0/0 growfail(blocks/size/stuck)=0/0/35
julia-function-splitting: julia_fmt_7: formed 0 regions cuts(target/clamp)=0/0 growfail(blocks/size/stuck)=0/0/35
julia-function-splitting: julia_fmt_9: formed 0 regions cuts(target/clamp)=0/0 growfail(blocks/size/stuck)=0/0/48
julia-function-splitting: julia_fmt_10: formed 0 regions cuts(target/clamp)=0/0 growfail(blocks/size/stuck)=0/0/53
julia-function-splitting: julia_mapreduce_impl_0: formed 0 regions cuts(target/clamp)=0/0 growfail(blocks/size/stuck)=0/0/6
julia-function-splitting: julia_format_0: formed 1 regions insts min/med/max=3205/3205/3205 cuts(target/clamp)=1/0 growfail(blocks/size/stuck)=0/0/593
julia-function-splitting: privatized 0/2 tracked buffers (rejected: 0 shape, 2 coverage; rest store-only/odd-size)
julia-function-splitting: julia_format_0: top level has 1 nodes
julia-function-splitting: times(ms) chunk=0 form=1 group=0 process=2 [remat=4 ce=17 io=4 spill=1] insts=4414 iface(in avg/max=28/28 out avg/max=0/0 exits avg x100=300)
julia-function-splitting: julia_fmt_0: formed 0 regions cuts(target/clamp)=0/0 growfail(blocks/size/stuck)=0/0/40
julia-function-splitting: julia_fmt_1: formed 0 regions cuts(target/clamp)=0/0 growfail(blocks/size/stuck)=0/0/32
julia-function-splitting: julia_fmt_2: formed 0 regions cuts(target/clamp)=0/0 growfail(blocks/size/stuck)=0/0/32
julia-function-splitting: julia_fmt_3: formed 0 regions cuts(target/clamp)=0/0 growfail(blocks/size/stuck)=0/0/32
julia-function-splitting: julia_fmt_5: formed 0 regions cuts(target/clamp)=0/0 growfail(blocks/size/stuck)=0/0/30
julia-function-splitting: julia_fmt_6: formed 0 regions cuts(target/clamp)=0/0 growfail(blocks/size/stuck)=0/0/31
julia-function-splitting: julia_fmt_7: formed 0 regions cuts(target/clamp)=0/0 growfail(blocks/size/stuck)=0/0/30
julia-function-splitting: julia_fmt_9: formed 0 regions cuts(target/clamp)=0/0 growfail(blocks/size/stuck)=0/0/46
julia-function-splitting: julia_fmt_10: formed 0 regions cuts(target/clamp)=0/0 growfail(blocks/size/stuck)=0/0/42
julia-function-splitting: julia_mapreduce_impl_0: formed 0 regions cuts(target/clamp)=0/0 growfail(blocks/size/stuck)=0/0/6
julia-function-splitting: julia_blocks_expr_0: formed 0 regions cuts(target/clamp)=0/0 growfail(blocks/size/stuck)=0/0/13
julia-function-splitting: julia_blocks_expr_0: formed 0 regions cuts(target/clamp)=0/0 growfail(blocks/size/stuck)=0/0/9
julia-function-splitting: julia_timed_0: formed 0 regions cuts(target/clamp)=0/0 growfail(blocks/size/stuck)=0/0/1
julia-function-splitting: julia_timed_0: formed 0 regions cuts(target/clamp)=0/0 growfail(blocks/size/stuck)=0/0/1
julia-function-splitting: japi1_top-level scope_0: formed 0 regions cuts(target/clamp)=0/0 growfail(blocks/size/stuck)=0/0/8
julia-function-splitting: japi1_top-level scope_0: formed 0 regions cuts(target/clamp)=0/0 growfail(blocks/size/stuck)=0/0/8
julia-function-splitting: julia_bench_f_0: formed 23 regions insts min/med/max=6409/6409/6417 cuts(target/clamp)=23/0 growfail(blocks/size/stuck)=0/0/61
julia-function-splitting: privatized 0/0 tracked buffers (rejected: 0 shape, 0 coverage; rest store-only/odd-size)
julia-function-splitting: julia_bench_f_0: top level has 23 nodes
julia-function-splitting: times(ms) chunk=0 form=7 group=0 process=66 [remat=1 ce=7 io=1 spill=0] insts=1671 iface(in avg/max=9/9 out avg/max=0/0 exits avg x100=100)
julia-function-splitting: julia_bench_f_0: formed 0 regions cuts(target/clamp)=0/0 growfail(blocks/size/stuck)=0/0/38
julia-function-splitting: julia__foldl_impl_0: formed 0 regions cuts(target/clamp)=0/0 growfail(blocks/size/stuck)=0/0/77
julia-function-splitting: julia__foldl_impl_0: formed 0 regions cuts(target/clamp)=0/0 growfail(blocks/size/stuck)=0/0/65
julia-function-splitting: japi1_top-level scope_0: formed 0 regions cuts(target/clamp)=0/0 growfail(blocks/size/stuck)=0/0/62
julia-function-splitting: japi1_top-level scope_0: formed 0 regions cuts(target/clamp)=0/0 growfail(blocks/size/stuck)=0/0/61
julia-function-splitting: japi1_top-level scope_0: formed 0 regions cuts(target/clamp)=0/0 growfail(blocks/size/stuck)=0/0/48
julia-function-splitting: japi1_top-level scope_0: formed 0 regions cuts(target/clamp)=0/0 growfail(blocks/size/stuck)=0/0/46
julia-function-splitting: japi1_printf_0: formed 0 regions cuts(target/clamp)=0/0 growfail(blocks/size/stuck)=0/0/62
julia-function-splitting: japi1_printf_0: formed 0 regions cuts(target/clamp)=0/0 growfail(blocks/size/stuck)=0/0/58
julia-function-splitting: julia_Format_0: formed 0 regions cuts(target/clamp)=0/0 growfail(blocks/size/stuck)=0/0/132
julia-function-splitting: julia_Format_0: formed 0 regions cuts(target/clamp)=0/0 growfail(blocks/size/stuck)=0/0/109
julia-function-splitting: julia_format_0: formed 1 regions insts min/med/max=4082/4082/4082 cuts(target/clamp)=0/1 growfail(blocks/size/stuck)=0/0/609
julia-function-splitting: privatized 0/1 tracked buffers (rejected: 0 shape, 1 coverage; rest store-only/odd-size)
julia-function-splitting: julia_format_0: top level has 1 nodes
julia-function-splitting: times(ms) chunk=0 form=2 group=0 process=3 [remat=1 ce=7 io=1 spill=1] insts=6312 iface(in avg/max=35/35 out avg/max=0/0 exits avg x100=200)
julia-function-splitting: julia_fmt_0: formed 0 regions cuts(target/clamp)=0/0 growfail(blocks/size/stuck)=0/0/54
julia-function-splitting: julia_fmt_1: formed 0 regions cuts(target/clamp)=0/0 growfail(blocks/size/stuck)=0/0/46
julia-function-splitting: julia_fmt_2: formed 0 regions cuts(target/clamp)=0/0 growfail(blocks/size/stuck)=0/0/46
julia-function-splitting: julia_fmt_3: formed 0 regions cuts(target/clamp)=0/0 growfail(blocks/size/stuck)=0/0/46
julia-function-splitting: julia_fmt_5: formed 0 regions cuts(target/clamp)=0/0 growfail(blocks/size/stuck)=0/0/35
julia-function-splitting: julia_fmt_6: formed 0 regions cuts(target/clamp)=0/0 growfail(blocks/size/stuck)=0/0/35
julia-function-splitting: julia_fmt_7: formed 0 regions cuts(target/clamp)=0/0 growfail(blocks/size/stuck)=0/0/35
julia-function-splitting: julia_fmt_9: formed 0 regions cuts(target/clamp)=0/0 growfail(blocks/size/stuck)=0/0/48
julia-function-splitting: julia_fmt_10: formed 0 regions cuts(target/clamp)=0/0 growfail(blocks/size/stuck)=0/0/53
julia-function-splitting: julia_mapreduce_impl_0: formed 0 regions cuts(target/clamp)=0/0 growfail(blocks/size/stuck)=0/0/6
julia-function-splitting: julia_format_0: formed 0 regions cuts(target/clamp)=0/0 growfail(blocks/size/stuck)=0/0/584
julia-function-splitting: julia_fmt_0: formed 0 regions cuts(target/clamp)=0/0 growfail(blocks/size/stuck)=0/0/40
julia-function-splitting: julia_fmt_1: formed 0 regions cuts(target/clamp)=0/0 growfail(blocks/size/stuck)=0/0/32
julia-function-splitting: julia_fmt_2: formed 0 regions cuts(target/clamp)=0/0 growfail(blocks/size/stuck)=0/0/32
julia-function-splitting: julia_fmt_3: formed 0 regions cuts(target/clamp)=0/0 growfail(blocks/size/stuck)=0/0/32
julia-function-splitting: julia_fmt_5: formed 0 regions cuts(target/clamp)=0/0 growfail(blocks/size/stuck)=0/0/30
julia-function-splitting: julia_fmt_6: formed 0 regions cuts(target/clamp)=0/0 growfail(blocks/size/stuck)=0/0/31
julia-function-splitting: julia_fmt_7: formed 0 regions cuts(target/clamp)=0/0 growfail(blocks/size/stuck)=0/0/30
julia-function-splitting: julia_fmt_9: formed 0 regions cuts(target/clamp)=0/0 growfail(blocks/size/stuck)=0/0/46
julia-function-splitting: julia_fmt_10: formed 0 regions cuts(target/clamp)=0/0 growfail(blocks/size/stuck)=0/0/42
julia-function-splitting: julia_mapreduce_impl_0: formed 0 regions cuts(target/clamp)=0/0 growfail(blocks/size/stuck)=0/0/6
julia-function-splitting: julia_straight_expr_0: formed 1 regions insts min/med/max=188/188/188 cuts(target/clamp)=0/1 growfail(blocks/size/stuck)=0/0/1
julia-function-splitting: privatized 0/0 tracked buffers (rejected: 0 shape, 0 coverage; rest store-only/odd-size)
julia-function-splitting: julia_straight_expr_0: top level has 1 nodes
julia-function-splitting: times(ms) chunk=0 form=0 group=0 process=0 [remat=0 ce=0 io=0 spill=0] insts=71 iface(in avg/max=9/9 out avg/max=0/0 exits avg x100=100)
julia-function-splitting: julia_timed_0: formed 0 regions cuts(target/clamp)=0/0 growfail(blocks/size/stuck)=0/0/1
julia-function-splitting: julia_timed_0: formed 0 regions cuts(target/clamp)=0/0 growfail(blocks/size/stuck)=0/0/1
julia-function-splitting: japi1_top-level scope_0: formed 1 regions insts min/med/max=199/199/199 cuts(target/clamp)=0/1 growfail(blocks/size/stuck)=0/0/5
julia-function-splitting: privatized 0/0 tracked buffers (rejected: 0 shape, 0 coverage; rest store-only/odd-size)
julia-function-splitting: japi1_top-level scope_0: top level has 1 nodes
julia-function-splitting: times(ms) chunk=0 form=0 group=0 process=0 [remat=0 ce=0 io=0 spill=0] insts=101 iface(in avg/max=12/12 out avg/max=0/0 exits avg x100=100)
julia-function-splitting: japi1_top-level scope_0: formed 0 regions cuts(target/clamp)=0/0 growfail(blocks/size/stuck)=0/0/4
julia-function-splitting: julia_bench_f_0: formed 326 regions insts min/med/max=402/402/402 cuts(target/clamp)=326/0 growfail(blocks/size/stuck)=0/0/326
julia-function-splitting: privatized 0/0 tracked buffers (rejected: 0 shape, 0 coverage; rest store-only/odd-size)
julia-function-splitting: julia_bench_f_0: top level has 14 nodes
julia-function-splitting: times(ms) chunk=20 form=2 group=0 process=152 [remat=2 ce=19 io=1 spill=1] insts=741 iface(in avg/max=2/9 out avg/max=0/0 exits avg x100=100)
julia-function-splitting: julia_bench_f_0: formed 0 regions cuts(target/clamp)=0/0 growfail(blocks/size/stuck)=0/0/0
julia-function-splitting: julia__foldl_impl_0: formed 0 regions cuts(target/clamp)=0/0 growfail(blocks/size/stuck)=0/0/77
julia-function-splitting: julia__foldl_impl_0: formed 0 regions cuts(target/clamp)=0/0 growfail(blocks/size/stuck)=0/0/65
julia-function-splitting: japi1_top-level scope_0: formed 1 regions insts min/med/max=299/299/299 cuts(target/clamp)=0/1 growfail(blocks/size/stuck)=0/0/1
julia-function-splitting: privatized 0/0 tracked buffers (rejected: 0 shape, 0 coverage; rest store-only/odd-size)
julia-function-splitting: japi1_top-level scope_0: top level has 1 nodes
julia-function-splitting: times(ms) chunk=0 form=0 group=0 process=0 [remat=2 ce=19 io=1 spill=1] insts=40 iface(in avg/max=7/7 out avg/max=0/0 exits avg x100=100)
julia-function-splitting: japi1_top-level scope_0: formed 2 regions insts min/med/max=132/181/181 cuts(target/clamp)=0/2 growfail(blocks/size/stuck)=0/0/3
julia-function-splitting: privatized 1/1 tracked buffers (rejected: 0 shape, 0 coverage; rest store-only/odd-size)
julia-function-splitting: japi1_top-level scope_0: top level has 2 nodes
julia-function-splitting: times(ms) chunk=0 form=0 group=0 process=0 [remat=2 ce=19 io=1 spill=1] insts=46 iface(in avg/max=3/5 out avg/max=0/1 exits avg x100=200)
julia-function-splitting: japi1_printf_0: formed 1 regions insts min/med/max=330/330/330 cuts(target/clamp)=0/1 growfail(blocks/size/stuck)=0/0/2
julia-function-splitting: privatized 1/4 tracked buffers (rejected: 0 shape, 3 coverage; rest store-only/odd-size)
julia-function-splitting: japi1_printf_0: top level has 1 nodes
julia-function-splitting: times(ms) chunk=0 form=0 group=0 process=0 [remat=2 ce=19 io=1 spill=1] insts=42 iface(in avg/max=7/7 out avg/max=0/0 exits avg x100=100)
julia-function-splitting: julia_Format_0: formed 2 regions insts min/med/max=118/190/190 cuts(target/clamp)=0/2 growfail(blocks/size/stuck)=0/0/93
julia-function-splitting: privatized 0/0 tracked buffers (rejected: 0 shape, 0 coverage; rest store-only/odd-size)
julia-function-splitting: julia_Format_0: top level has 2 nodes
julia-function-splitting: times(ms) chunk=0 form=0 group=0 process=0 [remat=2 ce=19 io=1 spill=1] insts=708 iface(in avg/max=16/19 out avg/max=0/0 exits avg x100=200)
julia-function-splitting: julia_Format_0: formed 0 regions cuts(target/clamp)=0/0 growfail(blocks/size/stuck)=0/0/74
julia-function-splitting: julia_format_0: formed 22 regions insts min/med/max=173/400/411 cuts(target/clamp)=13/9 growfail(blocks/size/stuck)=0/0/189
julia-function-splitting: privatized 0/1 tracked buffers (rejected: 0 shape, 1 coverage; rest store-only/odd-size)
julia-function-splitting: julia_format_0: top level has 22 nodes
julia-function-splitting: times(ms) chunk=0 form=1 group=0 process=4 [remat=2 ce=20 io=2 spill=2] insts=4299 iface(in avg/max=29/33 out avg/max=0/0 exits avg x100=212)
julia-function-splitting: julia_fmt_0: formed 1 regions insts min/med/max=120/120/120 cuts(target/clamp)=0/1 growfail(blocks/size/stuck)=0/0/40
julia-function-splitting: privatized 0/0 tracked buffers (rejected: 0 shape, 0 coverage; rest store-only/odd-size)
julia-function-splitting: julia_fmt_0: top level has 1 nodes
julia-function-splitting: times(ms) chunk=0 form=0 group=0 process=0 [remat=2 ce=20 io=2 spill=2] insts=287 iface(in avg/max=9/9 out avg/max=0/0 exits avg x100=300)
julia-function-splitting: julia_fmt_1: formed 1 regions insts min/med/max=120/120/120 cuts(target/clamp)=0/1 growfail(blocks/size/stuck)=0/0/32
julia-function-splitting: privatized 0/0 tracked buffers (rejected: 0 shape, 0 coverage; rest store-only/odd-size)
julia-function-splitting: julia_fmt_1: top level has 1 nodes
julia-function-splitting: times(ms) chunk=0 form=0 group=0 process=0 [remat=2 ce=20 io=2 spill=2] insts=240 iface(in avg/max=9/9 out avg/max=0/0 exits avg x100=300)
julia-function-splitting: julia_fmt_2: formed 1 regions insts min/med/max=120/120/120 cuts(target/clamp)=0/1 growfail(blocks/size/stuck)=0/0/32
julia-function-splitting: privatized 0/0 tracked buffers (rejected: 0 shape, 0 coverage; rest store-only/odd-size)
julia-function-splitting: julia_fmt_2: top level has 1 nodes
julia-function-splitting: times(ms) chunk=0 form=0 group=0 process=0 [remat=2 ce=20 io=2 spill=2] insts=240 iface(in avg/max=9/9 out avg/max=0/0 exits avg x100=300)
julia-function-splitting: julia_fmt_3: formed 1 regions insts min/med/max=120/120/120 cuts(target/clamp)=0/1 growfail(blocks/size/stuck)=0/0/32
julia-function-splitting: privatized 0/0 tracked buffers (rejected: 0 shape, 0 coverage; rest store-only/odd-size)
julia-function-splitting: julia_fmt_3: top level has 1 nodes
julia-function-splitting: times(ms) chunk=0 form=0 group=0 process=0 [remat=2 ce=20 io=2 spill=2] insts=247 iface(in avg/max=9/9 out avg/max=0/0 exits avg x100=300)
julia-function-splitting: julia_fmt_5: formed 1 regions insts min/med/max=157/157/157 cuts(target/clamp)=0/1 growfail(blocks/size/stuck)=0/0/16
julia-function-splitting: privatized 0/0 tracked buffers (rejected: 0 shape, 0 coverage; rest store-only/odd-size)
julia-function-splitting: julia_fmt_5: top level has 1 nodes
julia-function-splitting: times(ms) chunk=0 form=0 group=0 process=0 [remat=2 ce=20 io=2 spill=2] insts=213 iface(in avg/max=14/14 out avg/max=0/0 exits avg x100=600)
julia-function-splitting: julia_fmt_6: formed 1 regions insts min/med/max=157/157/157 cuts(target/clamp)=0/1 growfail(blocks/size/stuck)=0/0/16
julia-function-splitting: privatized 0/0 tracked buffers (rejected: 0 shape, 0 coverage; rest store-only/odd-size)
julia-function-splitting: julia_fmt_6: top level has 1 nodes
julia-function-splitting: times(ms) chunk=0 form=0 group=0 process=0 [remat=2 ce=20 io=2 spill=2] insts=212 iface(in avg/max=13/13 out avg/max=0/0 exits avg x100=600)
julia-function-splitting: julia_fmt_7: formed 1 regions insts min/med/max=153/153/153 cuts(target/clamp)=0/1 growfail(blocks/size/stuck)=0/0/16
julia-function-splitting: privatized 0/0 tracked buffers (rejected: 0 shape, 0 coverage; rest store-only/odd-size)
julia-function-splitting: julia_fmt_7: top level has 1 nodes
julia-function-splitting: times(ms) chunk=0 form=0 group=0 process=0 [remat=2 ce=20 io=2 spill=2] insts=214 iface(in avg/max=14/14 out avg/max=0/0 exits avg x100=600)
julia-function-splitting: julia_fmt_9: formed 1 regions insts min/med/max=142/142/142 cuts(target/clamp)=0/1 growfail(blocks/size/stuck)=0/0/24
julia-function-splitting: privatized 0/0 tracked buffers (rejected: 0 shape, 0 coverage; rest store-only/odd-size)
julia-function-splitting: julia_fmt_9: top level has 1 nodes
julia-function-splitting: times(ms) chunk=0 form=0 group=0 process=0 [remat=2 ce=20 io=2 spill=2] insts=246 iface(in avg/max=14/14 out avg/max=0/0 exits avg x100=700)
julia-function-splitting: julia_fmt_10: formed 1 regions insts min/med/max=142/142/142 cuts(target/clamp)=0/1 growfail(blocks/size/stuck)=0/0/29
julia-function-splitting: privatized 0/0 tracked buffers (rejected: 0 shape, 0 coverage; rest store-only/odd-size)
julia-function-splitting: julia_fmt_10: top level has 1 nodes
julia-function-splitting: times(ms) chunk=0 form=0 group=0 process=0 [remat=2 ce=20 io=2 spill=2] insts=258 iface(in avg/max=13/13 out avg/max=0/0 exits avg x100=700)
julia-function-splitting: julia_mapreduce_impl_0: formed 0 regions cuts(target/clamp)=0/0 growfail(blocks/size/stuck)=0/0/6
julia-function-splitting: julia_format_0: formed 6 regions insts min/med/max=353/388/409 cuts(target/clamp)=2/4 growfail(blocks/size/stuck)=0/0/145
julia-function-splitting: privatized 0/5 tracked buffers (rejected: 5 shape, 0 coverage; rest store-only/odd-size)
julia-function-splitting: julia_format_0: top level has 6 nodes
julia-function-splitting: times(ms) chunk=0 form=0 group=0 process=1 [remat=3 ce=20 io=2 spill=2] insts=2314 iface(in avg/max=37/41 out avg/max=0/0 exits avg x100=200)
julia-function-splitting: julia_fmt_0: formed 0 regions cuts(target/clamp)=0/0 growfail(blocks/size/stuck)=0/0/30
julia-function-splitting: julia_fmt_1: formed 0 regions cuts(target/clamp)=0/0 growfail(blocks/size/stuck)=0/0/22
julia-function-splitting: julia_fmt_2: formed 0 regions cuts(target/clamp)=0/0 growfail(blocks/size/stuck)=0/0/22
julia-function-splitting: julia_fmt_3: formed 0 regions cuts(target/clamp)=0/0 growfail(blocks/size/stuck)=0/0/22
julia-function-splitting: julia_fmt_5: formed 0 regions cuts(target/clamp)=0/0 growfail(blocks/size/stuck)=0/0/16
julia-function-splitting: julia_fmt_6: formed 0 regions cuts(target/clamp)=0/0 growfail(blocks/size/stuck)=0/0/16
julia-function-splitting: julia_fmt_7: formed 0 regions cuts(target/clamp)=0/0 growfail(blocks/size/stuck)=0/0/16
julia-function-splitting: julia_fmt_9: formed 1 regions insts min/med/max=125/125/125 cuts(target/clamp)=0/1 growfail(blocks/size/stuck)=0/0/6
julia-function-splitting: privatized 0/0 tracked buffers (rejected: 0 shape, 0 coverage; rest store-only/odd-size)
julia-function-splitting: julia_fmt_9: top level has 1 nodes
julia-function-splitting: times(ms) chunk=0 form=0 group=0 process=0 [remat=3 ce=20 io=2 spill=3] insts=82 iface(in avg/max=15/15 out avg/max=0/0 exits avg x100=400)
julia-function-splitting: julia_fmt_10: formed 1 regions insts min/med/max=123/123/123 cuts(target/clamp)=0/1 growfail(blocks/size/stuck)=0/0/6
julia-function-splitting: privatized 0/0 tracked buffers (rejected: 0 shape, 0 coverage; rest store-only/odd-size)
julia-function-splitting: julia_fmt_10: top level has 1 nodes
julia-function-splitting: times(ms) chunk=0 form=0 group=0 process=0 [remat=3 ce=20 io=2 spill=3] insts=76 iface(in avg/max=13/13 out avg/max=0/0 exits avg x100=400)
julia-function-splitting: julia_mapreduce_impl_0: formed 0 regions cuts(target/clamp)=0/0 growfail(blocks/size/stuck)=0/0/6
julia-function-splitting: julia_calls_expr_0: formed 1 regions insts min/med/max=216/216/216 cuts(target/clamp)=0/1 growfail(blocks/size/stuck)=0/0/4
julia-function-splitting: privatized 0/0 tracked buffers (rejected: 0 shape, 0 coverage; rest store-only/odd-size)
julia-function-splitting: julia_calls_expr_0: top level has 1 nodes
julia-function-splitting: times(ms) chunk=0 form=0 group=0 process=0 [remat=0 ce=0 io=0 spill=0] insts=147 iface(in avg/max=12/12 out avg/max=0/0 exits avg x100=100)
julia-function-splitting: julia_calls_expr_0: formed 0 regions cuts(target/clamp)=0/0 growfail(blocks/size/stuck)=0/0/3
julia-function-splitting: julia_timed_0: formed 0 regions cuts(target/clamp)=0/0 growfail(blocks/size/stuck)=0/0/1
julia-function-splitting: julia_timed_0: formed 0 regions cuts(target/clamp)=0/0 growfail(blocks/size/stuck)=0/0/1
julia-function-splitting: japi1_top-level scope_0: formed 1 regions insts min/med/max=199/199/199 cuts(target/clamp)=0/1 growfail(blocks/size/stuck)=0/0/5
julia-function-splitting: privatized 0/0 tracked buffers (rejected: 0 shape, 0 coverage; rest store-only/odd-size)
julia-function-splitting: japi1_top-level scope_0: top level has 1 nodes
julia-function-splitting: times(ms) chunk=0 form=0 group=0 process=0 [remat=0 ce=0 io=0 spill=0] insts=101 iface(in avg/max=12/12 out avg/max=0/0 exits avg x100=100)
julia-function-splitting: japi1_top-level scope_0: formed 0 regions cuts(target/clamp)=0/0 growfail(blocks/size/stuck)=0/0/4
julia-function-splitting: julia_bench_f_0: formed 40 regions insts min/med/max=201/402/402 cuts(target/clamp)=39/1 growfail(blocks/size/stuck)=0/0/40
julia-function-splitting: privatized 0/0 tracked buffers (rejected: 0 shape, 0 coverage; rest store-only/odd-size)
julia-function-splitting: julia_bench_f_0: top level has 2 nodes
julia-function-splitting: times(ms) chunk=2 form=1 group=0 process=18 [remat=0 ce=2 io=0 spill=0] insts=673 iface(in avg/max=3/10 out avg/max=0/0 exits avg x100=100)
julia-function-splitting: julia_bench_f_0: formed 0 regions cuts(target/clamp)=0/0 growfail(blocks/size/stuck)=0/0/0
julia-function-splitting: julia__foldl_impl_0: formed 0 regions cuts(target/clamp)=0/0 growfail(blocks/size/stuck)=0/0/77
julia-function-splitting: julia__foldl_impl_0: formed 0 regions cuts(target/clamp)=0/0 growfail(blocks/size/stuck)=0/0/65
julia-function-splitting: japi1_top-level scope_0: formed 1 regions insts min/med/max=299/299/299 cuts(target/clamp)=0/1 growfail(blocks/size/stuck)=0/0/1
julia-function-splitting: privatized 0/0 tracked buffers (rejected: 0 shape, 0 coverage; rest store-only/odd-size)
julia-function-splitting: japi1_top-level scope_0: top level has 1 nodes
julia-function-splitting: times(ms) chunk=0 form=0 group=0 process=0 [remat=0 ce=2 io=0 spill=0] insts=40 iface(in avg/max=7/7 out avg/max=0/0 exits avg x100=100)
julia-function-splitting: japi1_top-level scope_0: formed 2 regions insts min/med/max=132/181/181 cuts(target/clamp)=0/2 growfail(blocks/size/stuck)=0/0/3
julia-function-splitting: privatized 1/1 tracked buffers (rejected: 0 shape, 0 coverage; rest store-only/odd-size)
julia-function-splitting: japi1_top-level scope_0: top level has 2 nodes
julia-function-splitting: times(ms) chunk=0 form=0 group=0 process=0 [remat=0 ce=2 io=0 spill=0] insts=46 iface(in avg/max=3/5 out avg/max=0/1 exits avg x100=200)
julia-function-splitting: japi1_printf_0: formed 1 regions insts min/med/max=330/330/330 cuts(target/clamp)=0/1 growfail(blocks/size/stuck)=0/0/2
julia-function-splitting: privatized 1/4 tracked buffers (rejected: 0 shape, 3 coverage; rest store-only/odd-size)
julia-function-splitting: japi1_printf_0: top level has 1 nodes
julia-function-splitting: times(ms) chunk=0 form=0 group=0 process=0 [remat=0 ce=2 io=0 spill=0] insts=42 iface(in avg/max=7/7 out avg/max=0/0 exits avg x100=100)
julia-function-splitting: julia_Format_0: formed 2 regions insts min/med/max=118/190/190 cuts(target/clamp)=0/2 growfail(blocks/size/stuck)=0/0/93
julia-function-splitting: privatized 0/0 tracked buffers (rejected: 0 shape, 0 coverage; rest store-only/odd-size)
julia-function-splitting: julia_Format_0: top level has 2 nodes
julia-function-splitting: times(ms) chunk=0 form=0 group=0 process=0 [remat=0 ce=2 io=0 spill=0] insts=708 iface(in avg/max=16/19 out avg/max=0/0 exits avg x100=200)
julia-function-splitting: julia_Format_0: formed 0 regions cuts(target/clamp)=0/0 growfail(blocks/size/stuck)=0/0/74
julia-function-splitting: julia_format_0: formed 22 regions insts min/med/max=173/400/411 cuts(target/clamp)=13/9 growfail(blocks/size/stuck)=0/0/189
julia-function-splitting: privatized 0/1 tracked buffers (rejected: 0 shape, 1 coverage; rest store-only/odd-size)
julia-function-splitting: julia_format_0: top level has 22 nodes
julia-function-splitting: times(ms) chunk=0 form=1 group=0 process=4 [remat=0 ce=2 io=0 spill=1] insts=4299 iface(in avg/max=29/33 out avg/max=0/0 exits avg x100=212)
julia-function-splitting: julia_fmt_0: formed 1 regions insts min/med/max=120/120/120 cuts(target/clamp)=0/1 growfail(blocks/size/stuck)=0/0/40
julia-function-splitting: privatized 0/0 tracked buffers (rejected: 0 shape, 0 coverage; rest store-only/odd-size)
julia-function-splitting: julia_fmt_0: top level has 1 nodes
julia-function-splitting: times(ms) chunk=0 form=0 group=0 process=0 [remat=0 ce=2 io=0 spill=1] insts=287 iface(in avg/max=9/9 out avg/max=0/0 exits avg x100=300)
julia-function-splitting: julia_fmt_1: formed 1 regions insts min/med/max=120/120/120 cuts(target/clamp)=0/1 growfail(blocks/size/stuck)=0/0/32
julia-function-splitting: privatized 0/0 tracked buffers (rejected: 0 shape, 0 coverage; rest store-only/odd-size)
julia-function-splitting: julia_fmt_1: top level has 1 nodes
julia-function-splitting: times(ms) chunk=0 form=0 group=0 process=0 [remat=0 ce=2 io=0 spill=1] insts=240 iface(in avg/max=9/9 out avg/max=0/0 exits avg x100=300)
julia-function-splitting: julia_fmt_2: formed 1 regions insts min/med/max=120/120/120 cuts(target/clamp)=0/1 growfail(blocks/size/stuck)=0/0/32
julia-function-splitting: privatized 0/0 tracked buffers (rejected: 0 shape, 0 coverage; rest store-only/odd-size)
julia-function-splitting: julia_fmt_2: top level has 1 nodes
julia-function-splitting: times(ms) chunk=0 form=0 group=0 process=0 [remat=0 ce=2 io=0 spill=1] insts=240 iface(in avg/max=9/9 out avg/max=0/0 exits avg x100=300)
julia-function-splitting: julia_fmt_3: formed 1 regions insts min/med/max=120/120/120 cuts(target/clamp)=0/1 growfail(blocks/size/stuck)=0/0/32
julia-function-splitting: privatized 0/0 tracked buffers (rejected: 0 shape, 0 coverage; rest store-only/odd-size)
julia-function-splitting: julia_fmt_3: top level has 1 nodes
julia-function-splitting: times(ms) chunk=0 form=0 group=0 process=0 [remat=0 ce=2 io=0 spill=1] insts=247 iface(in avg/max=9/9 out avg/max=0/0 exits avg x100=300)
julia-function-splitting: julia_fmt_5: formed 1 regions insts min/med/max=157/157/157 cuts(target/clamp)=0/1 growfail(blocks/size/stuck)=0/0/16
julia-function-splitting: privatized 0/0 tracked buffers (rejected: 0 shape, 0 coverage; rest store-only/odd-size)
julia-function-splitting: julia_fmt_5: top level has 1 nodes
julia-function-splitting: times(ms) chunk=0 form=0 group=0 process=0 [remat=0 ce=2 io=0 spill=1] insts=213 iface(in avg/max=14/14 out avg/max=0/0 exits avg x100=600)
julia-function-splitting: julia_fmt_6: formed 1 regions insts min/med/max=157/157/157 cuts(target/clamp)=0/1 growfail(blocks/size/stuck)=0/0/16
julia-function-splitting: privatized 0/0 tracked buffers (rejected: 0 shape, 0 coverage; rest store-only/odd-size)
julia-function-splitting: julia_fmt_6: top level has 1 nodes
julia-function-splitting: times(ms) chunk=0 form=0 group=0 process=0 [remat=0 ce=2 io=0 spill=1] insts=212 iface(in avg/max=13/13 out avg/max=0/0 exits avg x100=600)
julia-function-splitting: julia_fmt_7: formed 1 regions insts min/med/max=153/153/153 cuts(target/clamp)=0/1 growfail(blocks/size/stuck)=0/0/16
julia-function-splitting: privatized 0/0 tracked buffers (rejected: 0 shape, 0 coverage; rest store-only/odd-size)
julia-function-splitting: julia_fmt_7: top level has 1 nodes
julia-function-splitting: times(ms) chunk=0 form=0 group=0 process=0 [remat=0 ce=2 io=0 spill=1] insts=214 iface(in avg/max=14/14 out avg/max=0/0 exits avg x100=600)
julia-function-splitting: julia_fmt_9: formed 1 regions insts min/med/max=142/142/142 cuts(target/clamp)=0/1 growfail(blocks/size/stuck)=0/0/24
julia-function-splitting: privatized 0/0 tracked buffers (rejected: 0 shape, 0 coverage; rest store-only/odd-size)
julia-function-splitting: julia_fmt_9: top level has 1 nodes
julia-function-splitting: times(ms) chunk=0 form=0 group=0 process=0 [remat=0 ce=2 io=0 spill=1] insts=246 iface(in avg/max=14/14 out avg/max=0/0 exits avg x100=700)
julia-function-splitting: julia_fmt_10: formed 1 regions insts min/med/max=142/142/142 cuts(target/clamp)=0/1 growfail(blocks/size/stuck)=0/0/29
julia-function-splitting: privatized 0/0 tracked buffers (rejected: 0 shape, 0 coverage; rest store-only/odd-size)
julia-function-splitting: julia_fmt_10: top level has 1 nodes
julia-function-splitting: times(ms) chunk=0 form=0 group=0 process=0 [remat=0 ce=2 io=0 spill=1] insts=258 iface(in avg/max=13/13 out avg/max=0/0 exits avg x100=700)
julia-function-splitting: julia_mapreduce_impl_0: formed 0 regions cuts(target/clamp)=0/0 growfail(blocks/size/stuck)=0/0/6
julia-function-splitting: julia_format_0: formed 6 regions insts min/med/max=353/388/409 cuts(target/clamp)=2/4 growfail(blocks/size/stuck)=0/0/145
julia-function-splitting: privatized 0/5 tracked buffers (rejected: 5 shape, 0 coverage; rest store-only/odd-size)
julia-function-splitting: julia_format_0: top level has 6 nodes
julia-function-splitting: times(ms) chunk=0 form=0 group=0 process=0 [remat=0 ce=2 io=0 spill=1] insts=2314 iface(in avg/max=37/41 out avg/max=0/0 exits avg x100=200)
julia-function-splitting: julia_fmt_0: formed 0 regions cuts(target/clamp)=0/0 growfail(blocks/size/stuck)=0/0/30
julia-function-splitting: julia_fmt_1: formed 0 regions cuts(target/clamp)=0/0 growfail(blocks/size/stuck)=0/0/22
julia-function-splitting: julia_fmt_2: formed 0 regions cuts(target/clamp)=0/0 growfail(blocks/size/stuck)=0/0/22
julia-function-splitting: julia_fmt_3: formed 0 regions cuts(target/clamp)=0/0 growfail(blocks/size/stuck)=0/0/22
julia-function-splitting: julia_fmt_5: formed 0 regions cuts(target/clamp)=0/0 growfail(blocks/size/stuck)=0/0/16
julia-function-splitting: julia_fmt_6: formed 0 regions cuts(target/clamp)=0/0 growfail(blocks/size/stuck)=0/0/16
julia-function-splitting: julia_fmt_7: formed 0 regions cuts(target/clamp)=0/0 growfail(blocks/size/stuck)=0/0/16
julia-function-splitting: julia_fmt_9: formed 1 regions insts min/med/max=125/125/125 cuts(target/clamp)=0/1 growfail(blocks/size/stuck)=0/0/6
julia-function-splitting: privatized 0/0 tracked buffers (rejected: 0 shape, 0 coverage; rest store-only/odd-size)
julia-function-splitting: julia_fmt_9: top level has 1 nodes
julia-function-splitting: times(ms) chunk=0 form=0 group=0 process=0 [remat=0 ce=2 io=0 spill=1] insts=82 iface(in avg/max=15/15 out avg/max=0/0 exits avg x100=400)
julia-function-splitting: julia_fmt_10: formed 1 regions insts min/med/max=123/123/123 cuts(target/clamp)=0/1 growfail(blocks/size/stuck)=0/0/6
julia-function-splitting: privatized 0/0 tracked buffers (rejected: 0 shape, 0 coverage; rest store-only/odd-size)
julia-function-splitting: julia_fmt_10: top level has 1 nodes
julia-function-splitting: times(ms) chunk=0 form=0 group=0 process=0 [remat=0 ce=2 io=0 spill=1] insts=76 iface(in avg/max=13/13 out avg/max=0/0 exits avg x100=400)
julia-function-splitting: julia_mapreduce_impl_0: formed 0 regions cuts(target/clamp)=0/0 growfail(blocks/size/stuck)=0/0/6
julia-function-splitting: julia_blocks_expr_0: formed 2 regions insts min/med/max=100/106/106 cuts(target/clamp)=0/2 growfail(blocks/size/stuck)=0/0/5
julia-function-splitting: privatized 0/0 tracked buffers (rejected: 0 shape, 0 coverage; rest store-only/odd-size)
julia-function-splitting: julia_blocks_expr_0: top level has 2 nodes
julia-function-splitting: times(ms) chunk=0 form=0 group=0 process=0 [remat=0 ce=0 io=0 spill=0] insts=183 iface(in avg/max=7/8 out avg/max=0/1 exits avg x100=200)
julia-function-splitting: julia_blocks_expr_0: formed 0 regions cuts(target/clamp)=0/0 growfail(blocks/size/stuck)=0/0/3
julia-function-splitting: julia_timed_0: formed 0 regions cuts(target/clamp)=0/0 growfail(blocks/size/stuck)=0/0/1
julia-function-splitting: julia_timed_0: formed 0 regions cuts(target/clamp)=0/0 growfail(blocks/size/stuck)=0/0/1
julia-function-splitting: japi1_top-level scope_0: formed 1 regions insts min/med/max=199/199/199 cuts(target/clamp)=0/1 growfail(blocks/size/stuck)=0/0/5
julia-function-splitting: privatized 0/0 tracked buffers (rejected: 0 shape, 0 coverage; rest store-only/odd-size)
julia-function-splitting: japi1_top-level scope_0: top level has 1 nodes
julia-function-splitting: times(ms) chunk=0 form=0 group=0 process=0 [remat=0 ce=0 io=0 spill=0] insts=101 iface(in avg/max=12/12 out avg/max=0/0 exits avg x100=100)
julia-function-splitting: japi1_top-level scope_0: formed 0 regions cuts(target/clamp)=0/0 growfail(blocks/size/stuck)=0/0/4
julia-function-splitting: julia_bench_f_0: formed 1280 regions insts min/med/max=372/424/424 cuts(target/clamp)=1279/1 growfail(blocks/size/stuck)=0/0/2561
julia-function-splitting: privatized 0/0 tracked buffers (rejected: 0 shape, 0 coverage; rest store-only/odd-size)
julia-function-splitting: julia_bench_f_0: top level has 3 nodes
julia-function-splitting: times(ms) chunk=0 form=32 group=23 process=618 [remat=18 ce=77 io=22 spill=16] insts=308 iface(in avg/max=9/9 out avg/max=0/0 exits avg x100=199)
julia-function-splitting: julia_bench_f_0: formed 1 regions insts min/med/max=166/166/166 cuts(target/clamp)=0/1 growfail(blocks/size/stuck)=0/0/3
julia-function-splitting: privatized 0/0 tracked buffers (rejected: 0 shape, 0 coverage; rest store-only/odd-size)
julia-function-splitting: julia_bench_f_0: top level has 1 nodes
julia-function-splitting: times(ms) chunk=0 form=0 group=0 process=0 [remat=18 ce=77 io=22 spill=16] insts=152 iface(in avg/max=9/9 out avg/max=0/0 exits avg x100=100)
julia-function-splitting: julia__foldl_impl_0: formed 0 regions cuts(target/clamp)=0/0 growfail(blocks/size/stuck)=0/0/77
julia-function-splitting: julia__foldl_impl_0: formed 0 regions cuts(target/clamp)=0/0 growfail(blocks/size/stuck)=0/0/65
julia-function-splitting: japi1_top-level scope_0: formed 1 regions insts min/med/max=299/299/299 cuts(target/clamp)=0/1 growfail(blocks/size/stuck)=0/0/1
julia-function-splitting: privatized 0/0 tracked buffers (rejected: 0 shape, 0 coverage; rest store-only/odd-size)
julia-function-splitting: japi1_top-level scope_0: top level has 1 nodes
julia-function-splitting: times(ms) chunk=0 form=0 group=0 process=0 [remat=18 ce=77 io=22 spill=16] insts=40 iface(in avg/max=7/7 out avg/max=0/0 exits avg x100=100)
julia-function-splitting: japi1_top-level scope_0: formed 2 regions insts min/med/max=132/181/181 cuts(target/clamp)=0/2 growfail(blocks/size/stuck)=0/0/3
julia-function-splitting: privatized 1/1 tracked buffers (rejected: 0 shape, 0 coverage; rest store-only/odd-size)
julia-function-splitting: japi1_top-level scope_0: top level has 2 nodes
julia-function-splitting: times(ms) chunk=0 form=0 group=0 process=0 [remat=18 ce=77 io=22 spill=16] insts=46 iface(in avg/max=3/5 out avg/max=0/1 exits avg x100=200)
julia-function-splitting: japi1_printf_0: formed 1 regions insts min/med/max=330/330/330 cuts(target/clamp)=0/1 growfail(blocks/size/stuck)=0/0/2
julia-function-splitting: privatized 1/4 tracked buffers (rejected: 0 shape, 3 coverage; rest store-only/odd-size)
julia-function-splitting: japi1_printf_0: top level has 1 nodes
julia-function-splitting: times(ms) chunk=0 form=0 group=0 process=0 [remat=18 ce=77 io=22 spill=16] insts=42 iface(in avg/max=7/7 out avg/max=0/0 exits avg x100=100)
julia-function-splitting: julia_Format_0: formed 2 regions insts min/med/max=118/190/190 cuts(target/clamp)=0/2 growfail(blocks/size/stuck)=0/0/93
julia-function-splitting: privatized 0/0 tracked buffers (rejected: 0 shape, 0 coverage; rest store-only/odd-size)
julia-function-splitting: julia_Format_0: top level has 2 nodes
julia-function-splitting: times(ms) chunk=0 form=0 group=0 process=0 [remat=18 ce=77 io=22 spill=16] insts=708 iface(in avg/max=16/19 out avg/max=0/0 exits avg x100=200)
julia-function-splitting: julia_Format_0: formed 0 regions cuts(target/clamp)=0/0 growfail(blocks/size/stuck)=0/0/74
julia-function-splitting: julia_format_0: formed 22 regions insts min/med/max=173/400/411 cuts(target/clamp)=13/9 growfail(blocks/size/stuck)=0/0/189
julia-function-splitting: privatized 0/1 tracked buffers (rejected: 0 shape, 1 coverage; rest store-only/odd-size)
julia-function-splitting: julia_format_0: top level has 22 nodes
julia-function-splitting: times(ms) chunk=0 form=1 group=0 process=5 [remat=18 ce=77 io=22 spill=18] insts=4299 iface(in avg/max=29/33 out avg/max=0/0 exits avg x100=212)
julia-function-splitting: julia_fmt_0: formed 1 regions insts min/med/max=120/120/120 cuts(target/clamp)=0/1 growfail(blocks/size/stuck)=0/0/40
julia-function-splitting: privatized 0/0 tracked buffers (rejected: 0 shape, 0 coverage; rest store-only/odd-size)
julia-function-splitting: julia_fmt_0: top level has 1 nodes
julia-function-splitting: times(ms) chunk=0 form=0 group=0 process=0 [remat=18 ce=77 io=22 spill=18] insts=287 iface(in avg/max=9/9 out avg/max=0/0 exits avg x100=300)
julia-function-splitting: julia_fmt_1: formed 1 regions insts min/med/max=120/120/120 cuts(target/clamp)=0/1 growfail(blocks/size/stuck)=0/0/32
julia-function-splitting: privatized 0/0 tracked buffers (rejected: 0 shape, 0 coverage; rest store-only/odd-size)
julia-function-splitting: julia_fmt_1: top level has 1 nodes
julia-function-splitting: times(ms) chunk=0 form=0 group=0 process=0 [remat=18 ce=77 io=22 spill=18] insts=240 iface(in avg/max=9/9 out avg/max=0/0 exits avg x100=300)
julia-function-splitting: julia_fmt_2: formed 1 regions insts min/med/max=120/120/120 cuts(target/clamp)=0/1 growfail(blocks/size/stuck)=0/0/32
julia-function-splitting: privatized 0/0 tracked buffers (rejected: 0 shape, 0 coverage; rest store-only/odd-size)
julia-function-splitting: julia_fmt_2: top level has 1 nodes
julia-function-splitting: times(ms) chunk=0 form=0 group=0 process=0 [remat=18 ce=77 io=22 spill=18] insts=240 iface(in avg/max=9/9 out avg/max=0/0 exits avg x100=300)
julia-function-splitting: julia_fmt_3: formed 1 regions insts min/med/max=120/120/120 cuts(target/clamp)=0/1 growfail(blocks/size/stuck)=0/0/32
julia-function-splitting: privatized 0/0 tracked buffers (rejected: 0 shape, 0 coverage; rest store-only/odd-size)
julia-function-splitting: julia_fmt_3: top level has 1 nodes
julia-function-splitting: times(ms) chunk=0 form=0 group=0 process=0 [remat=18 ce=77 io=22 spill=18] insts=247 iface(in avg/max=9/9 out avg/max=0/0 exits avg x100=300)
julia-function-splitting: julia_fmt_5: formed 1 regions insts min/med/max=157/157/157 cuts(target/clamp)=0/1 growfail(blocks/size/stuck)=0/0/16
julia-function-splitting: privatized 0/0 tracked buffers (rejected: 0 shape, 0 coverage; rest store-only/odd-size)
julia-function-splitting: julia_fmt_5: top level has 1 nodes
julia-function-splitting: times(ms) chunk=0 form=0 group=0 process=0 [remat=18 ce=77 io=22 spill=18] insts=213 iface(in avg/max=14/14 out avg/max=0/0 exits avg x100=600)
julia-function-splitting: julia_fmt_6: formed 1 regions insts min/med/max=157/157/157 cuts(target/clamp)=0/1 growfail(blocks/size/stuck)=0/0/16
julia-function-splitting: privatized 0/0 tracked buffers (rejected: 0 shape, 0 coverage; rest store-only/odd-size)
julia-function-splitting: julia_fmt_6: top level has 1 nodes
julia-function-splitting: times(ms) chunk=0 form=0 group=0 process=0 [remat=18 ce=77 io=22 spill=18] insts=212 iface(in avg/max=13/13 out avg/max=0/0 exits avg x100=600)
julia-function-splitting: julia_fmt_7: formed 1 regions insts min/med/max=153/153/153 cuts(target/clamp)=0/1 growfail(blocks/size/stuck)=0/0/16
julia-function-splitting: privatized 0/0 tracked buffers (rejected: 0 shape, 0 coverage; rest store-only/odd-size)
julia-function-splitting: julia_fmt_7: top level has 1 nodes
julia-function-splitting: times(ms) chunk=0 form=0 group=0 process=0 [remat=18 ce=77 io=22 spill=18] insts=214 iface(in avg/max=14/14 out avg/max=0/0 exits avg x100=600)
julia-function-splitting: julia_fmt_9: formed 1 regions insts min/med/max=142/142/142 cuts(target/clamp)=0/1 growfail(blocks/size/stuck)=0/0/24
julia-function-splitting: privatized 0/0 tracked buffers (rejected: 0 shape, 0 coverage; rest store-only/odd-size)
julia-function-splitting: julia_fmt_9: top level has 1 nodes
julia-function-splitting: times(ms) chunk=0 form=0 group=0 process=0 [remat=18 ce=77 io=22 spill=18] insts=246 iface(in avg/max=14/14 out avg/max=0/0 exits avg x100=700)
julia-function-splitting: julia_fmt_10: formed 1 regions insts min/med/max=142/142/142 cuts(target/clamp)=0/1 growfail(blocks/size/stuck)=0/0/29
julia-function-splitting: privatized 0/0 tracked buffers (rejected: 0 shape, 0 coverage; rest store-only/odd-size)
julia-function-splitting: julia_fmt_10: top level has 1 nodes
julia-function-splitting: times(ms) chunk=0 form=0 group=0 process=0 [remat=18 ce=78 io=22 spill=18] insts=258 iface(in avg/max=13/13 out avg/max=0/0 exits avg x100=700)
julia-function-splitting: julia_mapreduce_impl_0: formed 0 regions cuts(target/clamp)=0/0 growfail(blocks/size/stuck)=0/0/6
julia-function-splitting: julia_format_0: formed 6 regions insts min/med/max=353/388/409 cuts(target/clamp)=2/4 growfail(blocks/size/stuck)=0/0/145
julia-function-splitting: privatized 0/5 tracked buffers (rejected: 5 shape, 0 coverage; rest store-only/odd-size)
julia-function-splitting: julia_format_0: top level has 6 nodes
julia-function-splitting: times(ms) chunk=0 form=0 group=0 process=0 [remat=18 ce=78 io=22 spill=18] insts=2314 iface(in avg/max=37/41 out avg/max=0/0 exits avg x100=200)
julia-function-splitting: julia_fmt_0: formed 0 regions cuts(target/clamp)=0/0 growfail(blocks/size/stuck)=0/0/30
julia-function-splitting: julia_fmt_1: formed 0 regions cuts(target/clamp)=0/0 growfail(blocks/size/stuck)=0/0/22
julia-function-splitting: julia_fmt_2: formed 0 regions cuts(target/clamp)=0/0 growfail(blocks/size/stuck)=0/0/22
julia-function-splitting: julia_fmt_3: formed 0 regions cuts(target/clamp)=0/0 growfail(blocks/size/stuck)=0/0/22
julia-function-splitting: julia_fmt_5: formed 0 regions cuts(target/clamp)=0/0 growfail(blocks/size/stuck)=0/0/16
julia-function-splitting: julia_fmt_6: formed 0 regions cuts(target/clamp)=0/0 growfail(blocks/size/stuck)=0/0/16
julia-function-splitting: julia_fmt_7: formed 0 regions cuts(target/clamp)=0/0 growfail(blocks/size/stuck)=0/0/16
julia-function-splitting: julia_fmt_9: formed 1 regions insts min/med/max=125/125/125 cuts(target/clamp)=0/1 growfail(blocks/size/stuck)=0/0/6
julia-function-splitting: privatized 0/0 tracked buffers (rejected: 0 shape, 0 coverage; rest store-only/odd-size)
julia-function-splitting: julia_fmt_9: top level has 1 nodes
julia-function-splitting: times(ms) chunk=0 form=0 group=0 process=0 [remat=18 ce=78 io=22 spill=18] insts=82 iface(in avg/max=15/15 out avg/max=0/0 exits avg x100=400)
julia-function-splitting: julia_fmt_10: formed 1 regions insts min/med/max=123/123/123 cuts(target/clamp)=0/1 growfail(blocks/size/stuck)=0/0/6
julia-function-splitting: privatized 0/0 tracked buffers (rejected: 0 shape, 0 coverage; rest store-only/odd-size)
julia-function-splitting: julia_fmt_10: top level has 1 nodes
julia-function-splitting: times(ms) chunk=0 form=0 group=0 process=0 [remat=18 ce=78 io=22 spill=18] insts=76 iface(in avg/max=13/13 out avg/max=0/0 exits avg x100=400)
julia-function-splitting: julia_mapreduce_impl_0: formed 0 regions cuts(target/clamp)=0/0 growfail(blocks/size/stuck)=0/0/6
julia-function-splitting: julia_blocks_expr_0: formed 0 regions cuts(target/clamp)=0/0 growfail(blocks/size/stuck)=0/0/13
julia-function-splitting: julia_blocks_expr_0: formed 0 regions cuts(target/clamp)=0/0 growfail(blocks/size/stuck)=0/0/9
julia-function-splitting: julia_timed_0: formed 0 regions cuts(target/clamp)=0/0 growfail(blocks/size/stuck)=0/0/1
julia-function-splitting: julia_timed_0: formed 0 regions cuts(target/clamp)=0/0 growfail(blocks/size/stuck)=0/0/1
julia-function-splitting: japi1_top-level scope_0: formed 0 regions cuts(target/clamp)=0/0 growfail(blocks/size/stuck)=0/0/8
julia-function-splitting: japi1_top-level scope_0: formed 0 regions cuts(target/clamp)=0/0 growfail(blocks/size/stuck)=0/0/8
julia-function-splitting: julia_bench_f_0: formed 356 regions insts min/med/max=837/1633/1633 cuts(target/clamp)=355/1 growfail(blocks/size/stuck)=0/0/713
julia-function-splitting: privatized 0/0 tracked buffers (rejected: 0 shape, 0 coverage; rest store-only/odd-size)
julia-function-splitting: julia_bench_f_0: top level has 16 nodes
julia-function-splitting: times(ms) chunk=0 form=23 group=9 process=331 [remat=10 ce=50 io=12 spill=5] insts=1426 iface(in avg/max=9/9 out avg/max=0/0 exits avg x100=199)
julia-function-splitting: julia_bench_f_0: formed 1 regions insts min/med/max=1245/1245/1245 cuts(target/clamp)=0/1 growfail(blocks/size/stuck)=0/0/3
julia-function-splitting: privatized 0/0 tracked buffers (rejected: 0 shape, 0 coverage; rest store-only/odd-size)
julia-function-splitting: julia_bench_f_0: top level has 1 nodes
julia-function-splitting: times(ms) chunk=0 form=0 group=0 process=0 [remat=10 ce=50 io=12 spill=5] insts=152 iface(in avg/max=9/9 out avg/max=0/0 exits avg x100=100)
julia-function-splitting: julia__foldl_impl_0: formed 0 regions cuts(target/clamp)=0/0 growfail(blocks/size/stuck)=0/0/77
julia-function-splitting: julia__foldl_impl_0: formed 0 regions cuts(target/clamp)=0/0 growfail(blocks/size/stuck)=0/0/65
julia-function-splitting: japi1_top-level scope_0: formed 0 regions cuts(target/clamp)=0/0 growfail(blocks/size/stuck)=0/0/62
julia-function-splitting: japi1_top-level scope_0: formed 0 regions cuts(target/clamp)=0/0 growfail(blocks/size/stuck)=0/0/61
julia-function-splitting: japi1_top-level scope_0: formed 0 regions cuts(target/clamp)=0/0 growfail(blocks/size/stuck)=0/0/48
julia-function-splitting: japi1_top-level scope_0: formed 0 regions cuts(target/clamp)=0/0 growfail(blocks/size/stuck)=0/0/46
julia-function-splitting: japi1_printf_0: formed 0 regions cuts(target/clamp)=0/0 growfail(blocks/size/stuck)=0/0/62
julia-function-splitting: japi1_printf_0: formed 0 regions cuts(target/clamp)=0/0 growfail(blocks/size/stuck)=0/0/58
julia-function-splitting: julia_Format_0: formed 0 regions cuts(target/clamp)=0/0 growfail(blocks/size/stuck)=0/0/132
julia-function-splitting: julia_Format_0: formed 0 regions cuts(target/clamp)=0/0 growfail(blocks/size/stuck)=0/0/109
julia-function-splitting: julia_format_0: formed 7 regions insts min/med/max=400/400/1621 cuts(target/clamp)=2/5 growfail(blocks/size/stuck)=0/0/442
julia-function-splitting: privatized 0/1 tracked buffers (rejected: 0 shape, 1 coverage; rest store-only/odd-size)
julia-function-splitting: julia_format_0: top level has 7 nodes
julia-function-splitting: times(ms) chunk=0 form=1 group=2 process=3 [remat=10 ce=50 io=12 spill=5] insts=6209 iface(in avg/max=26/35 out avg/max=0/0 exits avg x100=266)
julia-function-splitting: julia_fmt_0: formed 0 regions cuts(target/clamp)=0/0 growfail(blocks/size/stuck)=0/0/54
julia-function-splitting: julia_fmt_1: formed 0 regions cuts(target/clamp)=0/0 growfail(blocks/size/stuck)=0/0/46
julia-function-splitting: julia_fmt_2: formed 0 regions cuts(target/clamp)=0/0 growfail(blocks/size/stuck)=0/0/46
julia-function-splitting: julia_fmt_3: formed 0 regions cuts(target/clamp)=0/0 growfail(blocks/size/stuck)=0/0/46
julia-function-splitting: julia_fmt_5: formed 0 regions cuts(target/clamp)=0/0 growfail(blocks/size/stuck)=0/0/35
julia-function-splitting: julia_fmt_6: formed 0 regions cuts(target/clamp)=0/0 growfail(blocks/size/stuck)=0/0/35
julia-function-splitting: julia_fmt_7: formed 0 regions cuts(target/clamp)=0/0 growfail(blocks/size/stuck)=0/0/35
julia-function-splitting: julia_fmt_9: formed 0 regions cuts(target/clamp)=0/0 growfail(blocks/size/stuck)=0/0/48
julia-function-splitting: julia_fmt_10: formed 0 regions cuts(target/clamp)=0/0 growfail(blocks/size/stuck)=0/0/53
julia-function-splitting: julia_mapreduce_impl_0: formed 0 regions cuts(target/clamp)=0/0 growfail(blocks/size/stuck)=0/0/6
julia-function-splitting: julia_format_0: formed 1 regions insts min/med/max=1521/1521/1521 cuts(target/clamp)=0/1 growfail(blocks/size/stuck)=0/0/436
julia-function-splitting: privatized 0/6 tracked buffers (rejected: 6 shape, 0 coverage; rest store-only/odd-size)
julia-function-splitting: julia_format_0: top level has 1 nodes
julia-function-splitting: times(ms) chunk=0 form=1 group=0 process=1 [remat=10 ce=50 io=12 spill=6] insts=3338 iface(in avg/max=21/21 out avg/max=0/0 exits avg x100=200)
julia-function-splitting: julia_fmt_0: formed 0 regions cuts(target/clamp)=0/0 growfail(blocks/size/stuck)=0/0/40
julia-function-splitting: julia_fmt_1: formed 0 regions cuts(target/clamp)=0/0 growfail(blocks/size/stuck)=0/0/32
julia-function-splitting: julia_fmt_2: formed 0 regions cuts(target/clamp)=0/0 growfail(blocks/size/stuck)=0/0/32
julia-function-splitting: julia_fmt_3: formed 0 regions cuts(target/clamp)=0/0 growfail(blocks/size/stuck)=0/0/32
julia-function-splitting: julia_fmt_5: formed 0 regions cuts(target/clamp)=0/0 growfail(blocks/size/stuck)=0/0/30
julia-function-splitting: julia_fmt_6: formed 0 regions cuts(target/clamp)=0/0 growfail(blocks/size/stuck)=0/0/31
julia-function-splitting: julia_fmt_7: formed 0 regions cuts(target/clamp)=0/0 growfail(blocks/size/stuck)=0/0/30
julia-function-splitting: julia_fmt_9: formed 0 regions cuts(target/clamp)=0/0 growfail(blocks/size/stuck)=0/0/46
julia-function-splitting: julia_fmt_10: formed 0 regions cuts(target/clamp)=0/0 growfail(blocks/size/stuck)=0/0/42
julia-function-splitting: julia_mapreduce_impl_0: formed 0 regions cuts(target/clamp)=0/0 growfail(blocks/size/stuck)=0/0/6
julia-function-splitting: julia_blocks_expr_0: formed 2 regions insts min/med/max=100/106/106 cuts(target/clamp)=0/2 growfail(blocks/size/stuck)=0/0/5
julia-function-splitting: privatized 0/0 tracked buffers (rejected: 0 shape, 0 coverage; rest store-only/odd-size)
julia-function-splitting: julia_blocks_expr_0: top level has 2 nodes
julia-function-splitting: times(ms) chunk=0 form=0 group=0 process=0 [remat=0 ce=0 io=0 spill=0] insts=183 iface(in avg/max=7/8 out avg/max=0/1 exits avg x100=200)
julia-function-splitting: julia_blocks_expr_0: formed 0 regions cuts(target/clamp)=0/0 growfail(blocks/size/stuck)=0/0/3
julia-function-splitting: julia_timed_0: formed 0 regions cuts(target/clamp)=0/0 growfail(blocks/size/stuck)=0/0/1
julia-function-splitting: julia_timed_0: formed 0 regions cuts(target/clamp)=0/0 growfail(blocks/size/stuck)=0/0/1
julia-function-splitting: japi1_top-level scope_0: formed 1 regions insts min/med/max=199/199/199 cuts(target/clamp)=0/1 growfail(blocks/size/stuck)=0/0/5
julia-function-splitting: privatized 0/0 tracked buffers (rejected: 0 shape, 0 coverage; rest store-only/odd-size)
julia-function-splitting: japi1_top-level scope_0: top level has 1 nodes
julia-function-splitting: times(ms) chunk=0 form=0 group=0 process=0 [remat=0 ce=0 io=0 spill=0] insts=101 iface(in avg/max=12/12 out avg/max=0/0 exits avg x100=100)
julia-function-splitting: japi1_top-level scope_0: formed 0 regions cuts(target/clamp)=0/0 growfail(blocks/size/stuck)=0/0/4
julia-function-splitting: julia_bench_f_0: formed 1280 regions insts min/med/max=372/424/424 cuts(target/clamp)=1279/1 growfail(blocks/size/stuck)=0/0/2561
julia-function-splitting: privatized 0/0 tracked buffers (rejected: 0 shape, 0 coverage; rest store-only/odd-size)
julia-function-splitting: julia_bench_f_0: top level has 3 nodes
julia-function-splitting: times(ms) chunk=0 form=27 group=23 process=606 [remat=20 ce=89 io=25 spill=17] insts=308 iface(in avg/max=9/9 out avg/max=0/0 exits avg x100=199)
julia-function-splitting: julia_bench_f_0: formed 1 regions insts min/med/max=166/166/166 cuts(target/clamp)=0/1 growfail(blocks/size/stuck)=0/0/3
julia-function-splitting: privatized 0/0 tracked buffers (rejected: 0 shape, 0 coverage; rest store-only/odd-size)
julia-function-splitting: julia_bench_f_0: top level has 1 nodes
julia-function-splitting: times(ms) chunk=0 form=0 group=0 process=0 [remat=20 ce=89 io=25 spill=17] insts=152 iface(in avg/max=9/9 out avg/max=0/0 exits avg x100=100)
julia-function-splitting: julia__foldl_impl_0: formed 0 regions cuts(target/clamp)=0/0 growfail(blocks/size/stuck)=0/0/77
julia-function-splitting: julia__foldl_impl_0: formed 0 regions cuts(target/clamp)=0/0 growfail(blocks/size/stuck)=0/0/65
julia-function-splitting: japi1_top-level scope_0: formed 1 regions insts min/med/max=299/299/299 cuts(target/clamp)=0/1 growfail(blocks/size/stuck)=0/0/1
julia-function-splitting: privatized 0/0 tracked buffers (rejected: 0 shape, 0 coverage; rest store-only/odd-size)
julia-function-splitting: japi1_top-level scope_0: top level has 1 nodes
julia-function-splitting: times(ms) chunk=0 form=0 group=0 process=0 [remat=20 ce=89 io=25 spill=17] insts=40 iface(in avg/max=7/7 out avg/max=0/0 exits avg x100=100)
julia-function-splitting: japi1_top-level scope_0: formed 2 regions insts min/med/max=132/181/181 cuts(target/clamp)=0/2 growfail(blocks/size/stuck)=0/0/3
julia-function-splitting: privatized 1/1 tracked buffers (rejected: 0 shape, 0 coverage; rest store-only/odd-size)
julia-function-splitting: japi1_top-level scope_0: top level has 2 nodes
julia-function-splitting: times(ms) chunk=0 form=0 group=0 process=0 [remat=20 ce=89 io=25 spill=17] insts=46 iface(in avg/max=3/5 out avg/max=0/1 exits avg x100=200)
julia-function-splitting: japi1_printf_0: formed 1 regions insts min/med/max=330/330/330 cuts(target/clamp)=0/1 growfail(blocks/size/stuck)=0/0/2
julia-function-splitting: privatized 1/4 tracked buffers (rejected: 0 shape, 3 coverage; rest store-only/odd-size)
julia-function-splitting: japi1_printf_0: top level has 1 nodes
julia-function-splitting: times(ms) chunk=0 form=0 group=0 process=0 [remat=20 ce=89 io=25 spill=17] insts=42 iface(in avg/max=7/7 out avg/max=0/0 exits avg x100=100)
julia-function-splitting: julia_Format_0: formed 2 regions insts min/med/max=118/190/190 cuts(target/clamp)=0/2 growfail(blocks/size/stuck)=0/0/93
julia-function-splitting: privatized 0/0 tracked buffers (rejected: 0 shape, 0 coverage; rest store-only/odd-size)
julia-function-splitting: julia_Format_0: top level has 2 nodes
julia-function-splitting: times(ms) chunk=0 form=0 group=0 process=0 [remat=20 ce=89 io=25 spill=17] insts=708 iface(in avg/max=16/19 out avg/max=0/0 exits avg x100=200)
julia-function-splitting: julia_Format_0: formed 0 regions cuts(target/clamp)=0/0 growfail(blocks/size/stuck)=0/0/74
julia-function-splitting: julia_format_0: formed 22 regions insts min/med/max=173/400/411 cuts(target/clamp)=13/9 growfail(blocks/size/stuck)=0/0/189
julia-function-splitting: privatized 0/1 tracked buffers (rejected: 0 shape, 1 coverage; rest store-only/odd-size)
julia-function-splitting: julia_format_0: top level has 22 nodes
julia-function-splitting: times(ms) chunk=0 form=1 group=0 process=4 [remat=20 ce=90 io=25 spill=18] insts=4299 iface(in avg/max=29/33 out avg/max=0/0 exits avg x100=212)
julia-function-splitting: julia_fmt_0: formed 1 regions insts min/med/max=120/120/120 cuts(target/clamp)=0/1 growfail(blocks/size/stuck)=0/0/40
julia-function-splitting: privatized 0/0 tracked buffers (rejected: 0 shape, 0 coverage; rest store-only/odd-size)
julia-function-splitting: julia_fmt_0: top level has 1 nodes
julia-function-splitting: times(ms) chunk=0 form=0 group=0 process=0 [remat=20 ce=90 io=25 spill=18] insts=287 iface(in avg/max=9/9 out avg/max=0/0 exits avg x100=300)
julia-function-splitting: julia_fmt_1: formed 1 regions insts min/med/max=120/120/120 cuts(target/clamp)=0/1 growfail(blocks/size/stuck)=0/0/32
julia-function-splitting: privatized 0/0 tracked buffers (rejected: 0 shape, 0 coverage; rest store-only/odd-size)
julia-function-splitting: julia_fmt_1: top level has 1 nodes
julia-function-splitting: times(ms) chunk=0 form=0 group=0 process=0 [remat=20 ce=90 io=25 spill=18] insts=240 iface(in avg/max=9/9 out avg/max=0/0 exits avg x100=300)
julia-function-splitting: julia_fmt_2: formed 1 regions insts min/med/max=120/120/120 cuts(target/clamp)=0/1 growfail(blocks/size/stuck)=0/0/32
julia-function-splitting: privatized 0/0 tracked buffers (rejected: 0 shape, 0 coverage; rest store-only/odd-size)
julia-function-splitting: julia_fmt_2: top level has 1 nodes
julia-function-splitting: times(ms) chunk=0 form=0 group=0 process=0 [remat=20 ce=90 io=25 spill=18] insts=240 iface(in avg/max=9/9 out avg/max=0/0 exits avg x100=300)
julia-function-splitting: julia_fmt_3: formed 1 regions insts min/med/max=120/120/120 cuts(target/clamp)=0/1 growfail(blocks/size/stuck)=0/0/32
julia-function-splitting: privatized 0/0 tracked buffers (rejected: 0 shape, 0 coverage; rest store-only/odd-size)
julia-function-splitting: julia_fmt_3: top level has 1 nodes
julia-function-splitting: times(ms) chunk=0 form=0 group=0 process=0 [remat=20 ce=90 io=25 spill=18] insts=247 iface(in avg/max=9/9 out avg/max=0/0 exits avg x100=300)
julia-function-splitting: julia_fmt_5: formed 1 regions insts min/med/max=157/157/157 cuts(target/clamp)=0/1 growfail(blocks/size/stuck)=0/0/16
julia-function-splitting: privatized 0/0 tracked buffers (rejected: 0 shape, 0 coverage; rest store-only/odd-size)
julia-function-splitting: julia_fmt_5: top level has 1 nodes
julia-function-splitting: times(ms) chunk=0 form=0 group=0 process=0 [remat=20 ce=90 io=25 spill=18] insts=213 iface(in avg/max=14/14 out avg/max=0/0 exits avg x100=600)
julia-function-splitting: julia_fmt_6: formed 1 regions insts min/med/max=157/157/157 cuts(target/clamp)=0/1 growfail(blocks/size/stuck)=0/0/16
julia-function-splitting: privatized 0/0 tracked buffers (rejected: 0 shape, 0 coverage; rest store-only/odd-size)
julia-function-splitting: julia_fmt_6: top level has 1 nodes
julia-function-splitting: times(ms) chunk=0 form=0 group=0 process=0 [remat=20 ce=90 io=25 spill=18] insts=212 iface(in avg/max=13/13 out avg/max=0/0 exits avg x100=600)
julia-function-splitting: julia_fmt_7: formed 1 regions insts min/med/max=153/153/153 cuts(target/clamp)=0/1 growfail(blocks/size/stuck)=0/0/16
julia-function-splitting: privatized 0/0 tracked buffers (rejected: 0 shape, 0 coverage; rest store-only/odd-size)
julia-function-splitting: julia_fmt_7: top level has 1 nodes
julia-function-splitting: times(ms) chunk=0 form=0 group=0 process=0 [remat=20 ce=90 io=25 spill=18] insts=214 iface(in avg/max=14/14 out avg/max=0/0 exits avg x100=600)
julia-function-splitting: julia_fmt_9: formed 1 regions insts min/med/max=142/142/142 cuts(target/clamp)=0/1 growfail(blocks/size/stuck)=0/0/24
julia-function-splitting: privatized 0/0 tracked buffers (rejected: 0 shape, 0 coverage; rest store-only/odd-size)
julia-function-splitting: julia_fmt_9: top level has 1 nodes
julia-function-splitting: times(ms) chunk=0 form=0 group=0 process=0 [remat=20 ce=90 io=25 spill=18] insts=246 iface(in avg/max=14/14 out avg/max=0/0 exits avg x100=700)
julia-function-splitting: julia_fmt_10: formed 1 regions insts min/med/max=142/142/142 cuts(target/clamp)=0/1 growfail(blocks/size/stuck)=0/0/29
julia-function-splitting: privatized 0/0 tracked buffers (rejected: 0 shape, 0 coverage; rest store-only/odd-size)
julia-function-splitting: julia_fmt_10: top level has 1 nodes
julia-function-splitting: times(ms) chunk=0 form=0 group=0 process=0 [remat=20 ce=90 io=25 spill=18] insts=258 iface(in avg/max=13/13 out avg/max=0/0 exits avg x100=700)
julia-function-splitting: julia_mapreduce_impl_0: formed 0 regions cuts(target/clamp)=0/0 growfail(blocks/size/stuck)=0/0/6
julia-function-splitting: julia_format_0: formed 6 regions insts min/med/max=353/388/409 cuts(target/clamp)=2/4 growfail(blocks/size/stuck)=0/0/145
julia-function-splitting: privatized 0/5 tracked buffers (rejected: 5 shape, 0 coverage; rest store-only/odd-size)
julia-function-splitting: julia_format_0: top level has 6 nodes
julia-function-splitting: times(ms) chunk=0 form=0 group=0 process=0 [remat=20 ce=90 io=25 spill=18] insts=2314 iface(in avg/max=37/41 out avg/max=0/0 exits avg x100=200)
julia-function-splitting: julia_fmt_0: formed 0 regions cuts(target/clamp)=0/0 growfail(blocks/size/stuck)=0/0/30
julia-function-splitting: julia_fmt_1: formed 0 regions cuts(target/clamp)=0/0 growfail(blocks/size/stuck)=0/0/22
julia-function-splitting: julia_fmt_2: formed 0 regions cuts(target/clamp)=0/0 growfail(blocks/size/stuck)=0/0/22
julia-function-splitting: julia_fmt_3: formed 0 regions cuts(target/clamp)=0/0 growfail(blocks/size/stuck)=0/0/22
julia-function-splitting: julia_fmt_5: formed 0 regions cuts(target/clamp)=0/0 growfail(blocks/size/stuck)=0/0/16
julia-function-splitting: julia_fmt_6: formed 0 regions cuts(target/clamp)=0/0 growfail(blocks/size/stuck)=0/0/16
julia-function-splitting: julia_fmt_7: formed 0 regions cuts(target/clamp)=0/0 growfail(blocks/size/stuck)=0/0/16
julia-function-splitting: julia_fmt_9: formed 1 regions insts min/med/max=125/125/125 cuts(target/clamp)=0/1 growfail(blocks/size/stuck)=0/0/6
julia-function-splitting: privatized 0/0 tracked buffers (rejected: 0 shape, 0 coverage; rest store-only/odd-size)
julia-function-splitting: julia_fmt_9: top level has 1 nodes
julia-function-splitting: times(ms) chunk=0 form=0 group=0 process=0 [remat=20 ce=90 io=25 spill=18] insts=82 iface(in avg/max=15/15 out avg/max=0/0 exits avg x100=400)
julia-function-splitting: julia_fmt_10: formed 1 regions insts min/med/max=123/123/123 cuts(target/clamp)=0/1 growfail(blocks/size/stuck)=0/0/6
julia-function-splitting: privatized 0/0 tracked buffers (rejected: 0 shape, 0 coverage; rest store-only/odd-size)
julia-function-splitting: julia_fmt_10: top level has 1 nodes
julia-function-splitting: times(ms) chunk=0 form=0 group=0 process=0 [remat=20 ce=90 io=25 spill=18] insts=76 iface(in avg/max=13/13 out avg/max=0/0 exits avg x100=400)
julia-function-splitting: julia_mapreduce_impl_0: formed 0 regions cuts(target/clamp)=0/0 growfail(blocks/size/stuck)=0/0/6
julia-function-splitting: julia_blocks_expr_0: formed 0 regions cuts(target/clamp)=0/0 growfail(blocks/size/stuck)=0/0/13
julia-function-splitting: julia_blocks_expr_0: formed 0 regions cuts(target/clamp)=0/0 growfail(blocks/size/stuck)=0/0/9
julia-function-splitting: julia_timed_0: formed 0 regions cuts(target/clamp)=0/0 growfail(blocks/size/stuck)=0/0/1
julia-function-splitting: julia_timed_0: formed 0 regions cuts(target/clamp)=0/0 growfail(blocks/size/stuck)=0/0/1
julia-function-splitting: japi1_top-level scope_0: formed 0 regions cuts(target/clamp)=0/0 growfail(blocks/size/stuck)=0/0/8
julia-function-splitting: japi1_top-level scope_0: formed 0 regions cuts(target/clamp)=0/0 growfail(blocks/size/stuck)=0/0/8
julia-function-splitting: julia_bench_f_0: formed 356 regions insts min/med/max=837/1633/1633 cuts(target/clamp)=355/1 growfail(blocks/size/stuck)=0/0/713
julia-function-splitting: privatized 0/0 tracked buffers (rejected: 0 shape, 0 coverage; rest store-only/odd-size)
julia-function-splitting: julia_bench_f_0: top level has 16 nodes
julia-function-splitting: times(ms) chunk=0 form=22 group=9 process=316 [remat=10 ce=49 io=11 spill=4] insts=1426 iface(in avg/max=9/9 out avg/max=0/0 exits avg x100=199)
julia-function-splitting: julia_bench_f_0: formed 1 regions insts min/med/max=1245/1245/1245 cuts(target/clamp)=0/1 growfail(blocks/size/stuck)=0/0/3
julia-function-splitting: privatized 0/0 tracked buffers (rejected: 0 shape, 0 coverage; rest store-only/odd-size)
julia-function-splitting: julia_bench_f_0: top level has 1 nodes
julia-function-splitting: times(ms) chunk=0 form=0 group=0 process=0 [remat=10 ce=49 io=11 spill=4] insts=152 iface(in avg/max=9/9 out avg/max=0/0 exits avg x100=100)
julia-function-splitting: julia__foldl_impl_0: formed 0 regions cuts(target/clamp)=0/0 growfail(blocks/size/stuck)=0/0/77
julia-function-splitting: julia__foldl_impl_0: formed 0 regions cuts(target/clamp)=0/0 growfail(blocks/size/stuck)=0/0/65
julia-function-splitting: japi1_top-level scope_0: formed 0 regions cuts(target/clamp)=0/0 growfail(blocks/size/stuck)=0/0/62
julia-function-splitting: japi1_top-level scope_0: formed 0 regions cuts(target/clamp)=0/0 growfail(blocks/size/stuck)=0/0/61
julia-function-splitting: japi1_top-level scope_0: formed 0 regions cuts(target/clamp)=0/0 growfail(blocks/size/stuck)=0/0/48
julia-function-splitting: japi1_top-level scope_0: formed 0 regions cuts(target/clamp)=0/0 growfail(blocks/size/stuck)=0/0/46
julia-function-splitting: japi1_printf_0: formed 0 regions cuts(target/clamp)=0/0 growfail(blocks/size/stuck)=0/0/62
julia-function-splitting: japi1_printf_0: formed 0 regions cuts(target/clamp)=0/0 growfail(blocks/size/stuck)=0/0/58
julia-function-splitting: julia_Format_0: formed 0 regions cuts(target/clamp)=0/0 growfail(blocks/size/stuck)=0/0/132
julia-function-splitting: julia_Format_0: formed 0 regions cuts(target/clamp)=0/0 growfail(blocks/size/stuck)=0/0/109
julia-function-splitting: julia_format_0: formed 7 regions insts min/med/max=400/400/1621 cuts(target/clamp)=2/5 growfail(blocks/size/stuck)=0/0/442
julia-function-splitting: privatized 0/1 tracked buffers (rejected: 0 shape, 1 coverage; rest store-only/odd-size)
julia-function-splitting: julia_format_0: top level has 7 nodes
julia-function-splitting: times(ms) chunk=0 form=1 group=0 process=3 [remat=10 ce=50 io=11 spill=5] insts=6209 iface(in avg/max=26/35 out avg/max=0/0 exits avg x100=266)
julia-function-splitting: julia_fmt_0: formed 0 regions cuts(target/clamp)=0/0 growfail(blocks/size/stuck)=0/0/54
julia-function-splitting: julia_fmt_1: formed 0 regions cuts(target/clamp)=0/0 growfail(blocks/size/stuck)=0/0/46
julia-function-splitting: julia_fmt_2: formed 0 regions cuts(target/clamp)=0/0 growfail(blocks/size/stuck)=0/0/46
julia-function-splitting: julia_fmt_3: formed 0 regions cuts(target/clamp)=0/0 growfail(blocks/size/stuck)=0/0/46
julia-function-splitting: julia_fmt_5: formed 0 regions cuts(target/clamp)=0/0 growfail(blocks/size/stuck)=0/0/35
julia-function-splitting: julia_fmt_6: formed 0 regions cuts(target/clamp)=0/0 growfail(blocks/size/stuck)=0/0/35
julia-function-splitting: julia_fmt_7: formed 0 regions cuts(target/clamp)=0/0 growfail(blocks/size/stuck)=0/0/35
julia-function-splitting: julia_fmt_9: formed 0 regions cuts(target/clamp)=0/0 growfail(blocks/size/stuck)=0/0/48
julia-function-splitting: julia_fmt_10: formed 0 regions cuts(target/clamp)=0/0 growfail(blocks/size/stuck)=0/0/53
julia-function-splitting: julia_mapreduce_impl_0: formed 0 regions cuts(target/clamp)=0/0 growfail(blocks/size/stuck)=0/0/6
julia-function-splitting: julia_format_0: formed 1 regions insts min/med/max=1521/1521/1521 cuts(target/clamp)=0/1 growfail(blocks/size/stuck)=0/0/436
julia-function-splitting: privatized 0/6 tracked buffers (rejected: 6 shape, 0 coverage; rest store-only/odd-size)
julia-function-splitting: julia_format_0: top level has 1 nodes
julia-function-splitting: times(ms) chunk=0 form=1 group=0 process=1 [remat=10 ce=50 io=11 spill=5] insts=3338 iface(in avg/max=21/21 out avg/max=0/0 exits avg x100=200)
julia-function-splitting: julia_fmt_0: formed 0 regions cuts(target/clamp)=0/0 growfail(blocks/size/stuck)=0/0/40
julia-function-splitting: julia_fmt_1: formed 0 regions cuts(target/clamp)=0/0 growfail(blocks/size/stuck)=0/0/32
julia-function-splitting: julia_fmt_2: formed 0 regions cuts(target/clamp)=0/0 growfail(blocks/size/stuck)=0/0/32
julia-function-splitting: julia_fmt_3: formed 0 regions cuts(target/clamp)=0/0 growfail(blocks/size/stuck)=0/0/32
julia-function-splitting: julia_fmt_5: formed 0 regions cuts(target/clamp)=0/0 growfail(blocks/size/stuck)=0/0/30
julia-function-splitting: julia_fmt_6: formed 0 regions cuts(target/clamp)=0/0 growfail(blocks/size/stuck)=0/0/31
julia-function-splitting: julia_fmt_7: formed 0 regions cuts(target/clamp)=0/0 growfail(blocks/size/stuck)=0/0/30
julia-function-splitting: julia_fmt_9: formed 0 regions cuts(target/clamp)=0/0 growfail(blocks/size/stuck)=0/0/46
julia-function-splitting: julia_fmt_10: formed 0 regions cuts(target/clamp)=0/0 growfail(blocks/size/stuck)=0/0/42
julia-function-splitting: julia_mapreduce_impl_0: formed 0 regions cuts(target/clamp)=0/0 growfail(blocks/size/stuck)=0/0/6
julia-function-splitting: julia_straight_expr_0: formed 1 regions insts min/med/max=188/188/188 cuts(target/clamp)=0/1 growfail(blocks/size/stuck)=0/0/1
julia-function-splitting: privatized 0/0 tracked buffers (rejected: 0 shape, 0 coverage; rest store-only/odd-size)
julia-function-splitting: julia_straight_expr_0: top level has 1 nodes
julia-function-splitting: times(ms) chunk=0 form=0 group=0 process=0 [remat=0 ce=0 io=0 spill=0] insts=71 iface(in avg/max=9/9 out avg/max=0/0 exits avg x100=100)
julia-function-splitting: julia_timed_0: formed 0 regions cuts(target/clamp)=0/0 growfail(blocks/size/stuck)=0/0/1
julia-function-splitting: julia_timed_0: formed 0 regions cuts(target/clamp)=0/0 growfail(blocks/size/stuck)=0/0/1
julia-function-splitting: japi1_top-level scope_0: formed 1 regions insts min/med/max=199/199/199 cuts(target/clamp)=0/1 growfail(blocks/size/stuck)=0/0/5
julia-function-splitting: privatized 0/0 tracked buffers (rejected: 0 shape, 0 coverage; rest store-only/odd-size)
julia-function-splitting: japi1_top-level scope_0: top level has 1 nodes
julia-function-splitting: times(ms) chunk=0 form=0 group=0 process=0 [remat=0 ce=0 io=0 spill=0] insts=101 iface(in avg/max=12/12 out avg/max=0/0 exits avg x100=100)
julia-function-splitting: japi1_top-level scope_0: formed 0 regions cuts(target/clamp)=0/0 growfail(blocks/size/stuck)=0/0/4
julia-function-splitting: julia_bench_f_0: formed 326 regions insts min/med/max=402/402/402 cuts(target/clamp)=326/0 growfail(blocks/size/stuck)=0/0/326
julia-function-splitting: privatized 0/0 tracked buffers (rejected: 0 shape, 0 coverage; rest store-only/odd-size)
julia-function-splitting: julia_bench_f_0: top level has 14 nodes
julia-function-splitting: times(ms) chunk=17 form=2 group=0 process=119 [remat=2 ce=17 io=1 spill=1] insts=741 iface(in avg/max=2/9 out avg/max=0/0 exits avg x100=100)
julia-function-splitting: julia_bench_f_0: formed 0 regions cuts(target/clamp)=0/0 growfail(blocks/size/stuck)=0/0/0
julia-function-splitting: julia__foldl_impl_0: formed 0 regions cuts(target/clamp)=0/0 growfail(blocks/size/stuck)=0/0/77
julia-function-splitting: julia__foldl_impl_0: formed 0 regions cuts(target/clamp)=0/0 growfail(blocks/size/stuck)=0/0/65
julia-function-splitting: japi1_top-level scope_0: formed 1 regions insts min/med/max=299/299/299 cuts(target/clamp)=0/1 growfail(blocks/size/stuck)=0/0/1
julia-function-splitting: privatized 0/0 tracked buffers (rejected: 0 shape, 0 coverage; rest store-only/odd-size)
julia-function-splitting: japi1_top-level scope_0: top level has 1 nodes
julia-function-splitting: times(ms) chunk=0 form=0 group=0 process=0 [remat=2 ce=17 io=1 spill=1] insts=40 iface(in avg/max=7/7 out avg/max=0/0 exits avg x100=100)
julia-function-splitting: japi1_top-level scope_0: formed 2 regions insts min/med/max=132/181/181 cuts(target/clamp)=0/2 growfail(blocks/size/stuck)=0/0/3
julia-function-splitting: privatized 1/1 tracked buffers (rejected: 0 shape, 0 coverage; rest store-only/odd-size)
julia-function-splitting: japi1_top-level scope_0: top level has 2 nodes
julia-function-splitting: times(ms) chunk=0 form=0 group=0 process=0 [remat=2 ce=17 io=1 spill=1] insts=46 iface(in avg/max=3/5 out avg/max=0/1 exits avg x100=200)
julia-function-splitting: japi1_printf_0: formed 1 regions insts min/med/max=330/330/330 cuts(target/clamp)=0/1 growfail(blocks/size/stuck)=0/0/2
julia-function-splitting: privatized 1/4 tracked buffers (rejected: 0 shape, 3 coverage; rest store-only/odd-size)
julia-function-splitting: japi1_printf_0: top level has 1 nodes
julia-function-splitting: times(ms) chunk=0 form=0 group=0 process=0 [remat=2 ce=17 io=1 spill=1] insts=42 iface(in avg/max=7/7 out avg/max=0/0 exits avg x100=100)
julia-function-splitting: julia_Format_0: formed 2 regions insts min/med/max=118/190/190 cuts(target/clamp)=0/2 growfail(blocks/size/stuck)=0/0/93
julia-function-splitting: privatized 0/0 tracked buffers (rejected: 0 shape, 0 coverage; rest store-only/odd-size)
julia-function-splitting: julia_Format_0: top level has 2 nodes
julia-function-splitting: times(ms) chunk=0 form=0 group=0 process=0 [remat=2 ce=17 io=1 spill=1] insts=708 iface(in avg/max=16/19 out avg/max=0/0 exits avg x100=200)
julia-function-splitting: julia_Format_0: formed 0 regions cuts(target/clamp)=0/0 growfail(blocks/size/stuck)=0/0/74
julia-function-splitting: julia_format_0: formed 22 regions insts min/med/max=173/400/411 cuts(target/clamp)=13/9 growfail(blocks/size/stuck)=0/0/189
julia-function-splitting: privatized 0/1 tracked buffers (rejected: 0 shape, 1 coverage; rest store-only/odd-size)
julia-function-splitting: julia_format_0: top level has 22 nodes
julia-function-splitting: times(ms) chunk=0 form=0 group=0 process=3 [remat=2 ce=18 io=1 spill=2] insts=4299 iface(in avg/max=29/33 out avg/max=0/0 exits avg x100=212)
julia-function-splitting: julia_fmt_0: formed 1 regions insts min/med/max=120/120/120 cuts(target/clamp)=0/1 growfail(blocks/size/stuck)=0/0/40
julia-function-splitting: privatized 0/0 tracked buffers (rejected: 0 shape, 0 coverage; rest store-only/odd-size)
julia-function-splitting: julia_fmt_0: top level has 1 nodes
julia-function-splitting: times(ms) chunk=0 form=0 group=0 process=0 [remat=2 ce=18 io=1 spill=2] insts=287 iface(in avg/max=9/9 out avg/max=0/0 exits avg x100=300)
julia-function-splitting: julia_fmt_1: formed 1 regions insts min/med/max=120/120/120 cuts(target/clamp)=0/1 growfail(blocks/size/stuck)=0/0/32
julia-function-splitting: privatized 0/0 tracked buffers (rejected: 0 shape, 0 coverage; rest store-only/odd-size)
julia-function-splitting: julia_fmt_1: top level has 1 nodes
julia-function-splitting: times(ms) chunk=0 form=0 group=0 process=0 [remat=2 ce=18 io=1 spill=2] insts=240 iface(in avg/max=9/9 out avg/max=0/0 exits avg x100=300)
julia-function-splitting: julia_fmt_2: formed 1 regions insts min/med/max=120/120/120 cuts(target/clamp)=0/1 growfail(blocks/size/stuck)=0/0/32
julia-function-splitting: privatized 0/0 tracked buffers (rejected: 0 shape, 0 coverage; rest store-only/odd-size)
julia-function-splitting: julia_fmt_2: top level has 1 nodes
julia-function-splitting: times(ms) chunk=0 form=0 group=0 process=0 [remat=2 ce=18 io=1 spill=2] insts=240 iface(in avg/max=9/9 out avg/max=0/0 exits avg x100=300)
julia-function-splitting: julia_fmt_3: formed 1 regions insts min/med/max=120/120/120 cuts(target/clamp)=0/1 growfail(blocks/size/stuck)=0/0/32
julia-function-splitting: privatized 0/0 tracked buffers (rejected: 0 shape, 0 coverage; rest store-only/odd-size)
julia-function-splitting: julia_fmt_3: top level has 1 nodes
julia-function-splitting: times(ms) chunk=0 form=0 group=0 process=0 [remat=2 ce=18 io=1 spill=2] insts=247 iface(in avg/max=9/9 out avg/max=0/0 exits avg x100=300)
julia-function-splitting: julia_fmt_5: formed 1 regions insts min/med/max=157/157/157 cuts(target/clamp)=0/1 growfail(blocks/size/stuck)=0/0/16
julia-function-splitting: privatized 0/0 tracked buffers (rejected: 0 shape, 0 coverage; rest store-only/odd-size)
julia-function-splitting: julia_fmt_5: top level has 1 nodes
julia-function-splitting: times(ms) chunk=0 form=0 group=0 process=0 [remat=2 ce=18 io=1 spill=2] insts=213 iface(in avg/max=14/14 out avg/max=0/0 exits avg x100=600)
julia-function-splitting: julia_fmt_6: formed 1 regions insts min/med/max=157/157/157 cuts(target/clamp)=0/1 growfail(blocks/size/stuck)=0/0/16
julia-function-splitting: privatized 0/0 tracked buffers (rejected: 0 shape, 0 coverage; rest store-only/odd-size)
julia-function-splitting: julia_fmt_6: top level has 1 nodes
julia-function-splitting: times(ms) chunk=0 form=0 group=0 process=0 [remat=2 ce=18 io=1 spill=2] insts=212 iface(in avg/max=13/13 out avg/max=0/0 exits avg x100=600)
julia-function-splitting: julia_fmt_7: formed 1 regions insts min/med/max=153/153/153 cuts(target/clamp)=0/1 growfail(blocks/size/stuck)=0/0/16
julia-function-splitting: privatized 0/0 tracked buffers (rejected: 0 shape, 0 coverage; rest store-only/odd-size)
julia-function-splitting: julia_fmt_7: top level has 1 nodes
julia-function-splitting: times(ms) chunk=0 form=0 group=0 process=0 [remat=2 ce=18 io=1 spill=2] insts=214 iface(in avg/max=14/14 out avg/max=0/0 exits avg x100=600)
julia-function-splitting: julia_fmt_9: formed 1 regions insts min/med/max=142/142/142 cuts(target/clamp)=0/1 growfail(blocks/size/stuck)=0/0/24
julia-function-splitting: privatized 0/0 tracked buffers (rejected: 0 shape, 0 coverage; rest store-only/odd-size)
julia-function-splitting: julia_fmt_9: top level has 1 nodes
julia-function-splitting: times(ms) chunk=0 form=0 group=0 process=0 [remat=2 ce=18 io=1 spill=2] insts=246 iface(in avg/max=14/14 out avg/max=0/0 exits avg x100=700)
julia-function-splitting: julia_fmt_10: formed 1 regions insts min/med/max=142/142/142 cuts(target/clamp)=0/1 growfail(blocks/size/stuck)=0/0/29
julia-function-splitting: privatized 0/0 tracked buffers (rejected: 0 shape, 0 coverage; rest store-only/odd-size)
julia-function-splitting: julia_fmt_10: top level has 1 nodes
julia-function-splitting: times(ms) chunk=0 form=0 group=0 process=0 [remat=2 ce=18 io=1 spill=2] insts=258 iface(in avg/max=13/13 out avg/max=0/0 exits avg x100=700)
julia-function-splitting: julia_mapreduce_impl_0: formed 0 regions cuts(target/clamp)=0/0 growfail(blocks/size/stuck)=0/0/6
julia-function-splitting: julia_format_0: formed 6 regions insts min/med/max=353/388/409 cuts(target/clamp)=2/4 growfail(blocks/size/stuck)=0/0/145
julia-function-splitting: privatized 0/5 tracked buffers (rejected: 5 shape, 0 coverage; rest store-only/odd-size)
julia-function-splitting: julia_format_0: top level has 6 nodes
julia-function-splitting: times(ms) chunk=0 form=0 group=0 process=0 [remat=2 ce=18 io=2 spill=2] insts=2314 iface(in avg/max=37/41 out avg/max=0/0 exits avg x100=200)
julia-function-splitting: julia_fmt_0: formed 0 regions cuts(target/clamp)=0/0 growfail(blocks/size/stuck)=0/0/30
julia-function-splitting: julia_fmt_1: formed 0 regions cuts(target/clamp)=0/0 growfail(blocks/size/stuck)=0/0/22
julia-function-splitting: julia_fmt_2: formed 0 regions cuts(target/clamp)=0/0 growfail(blocks/size/stuck)=0/0/22
julia-function-splitting: julia_fmt_3: formed 0 regions cuts(target/clamp)=0/0 growfail(blocks/size/stuck)=0/0/22
julia-function-splitting: julia_fmt_5: formed 0 regions cuts(target/clamp)=0/0 growfail(blocks/size/stuck)=0/0/16
julia-function-splitting: julia_fmt_6: formed 0 regions cuts(target/clamp)=0/0 growfail(blocks/size/stuck)=0/0/16
julia-function-splitting: julia_fmt_7: formed 0 regions cuts(target/clamp)=0/0 growfail(blocks/size/stuck)=0/0/16
julia-function-splitting: julia_fmt_9: formed 1 regions insts min/med/max=125/125/125 cuts(target/clamp)=0/1 growfail(blocks/size/stuck)=0/0/6
julia-function-splitting: privatized 0/0 tracked buffers (rejected: 0 shape, 0 coverage; rest store-only/odd-size)
julia-function-splitting: julia_fmt_9: top level has 1 nodes
julia-function-splitting: times(ms) chunk=0 form=0 group=0 process=0 [remat=2 ce=18 io=2 spill=2] insts=82 iface(in avg/max=15/15 out avg/max=0/0 exits avg x100=400)
julia-function-splitting: julia_fmt_10: formed 1 regions insts min/med/max=123/123/123 cuts(target/clamp)=0/1 growfail(blocks/size/stuck)=0/0/6
julia-function-splitting: privatized 0/0 tracked buffers (rejected: 0 shape, 0 coverage; rest store-only/odd-size)
julia-function-splitting: julia_fmt_10: top level has 1 nodes
julia-function-splitting: times(ms) chunk=0 form=0 group=0 process=0 [remat=2 ce=18 io=2 spill=2] insts=76 iface(in avg/max=13/13 out avg/max=0/0 exits avg x100=400)
julia-function-splitting: julia_mapreduce_impl_0: formed 0 regions cuts(target/clamp)=0/0 growfail(blocks/size/stuck)=0/0/6
julia-function-splitting: julia_calls_expr_0: formed 1 regions insts min/med/max=216/216/216 cuts(target/clamp)=0/1 growfail(blocks/size/stuck)=0/0/4
julia-function-splitting: privatized 0/0 tracked buffers (rejected: 0 shape, 0 coverage; rest store-only/odd-size)
julia-function-splitting: julia_calls_expr_0: top level has 1 nodes
julia-function-splitting: times(ms) chunk=0 form=0 group=0 process=0 [remat=0 ce=0 io=0 spill=0] insts=147 iface(in avg/max=12/12 out avg/max=0/0 exits avg x100=100)
julia-function-splitting: julia_calls_expr_0: formed 0 regions cuts(target/clamp)=0/0 growfail(blocks/size/stuck)=0/0/3
julia-function-splitting: julia_timed_0: formed 0 regions cuts(target/clamp)=0/0 growfail(blocks/size/stuck)=0/0/1
julia-function-splitting: julia_timed_0: formed 0 regions cuts(target/clamp)=0/0 growfail(blocks/size/stuck)=0/0/1
julia-function-splitting: japi1_top-level scope_0: formed 1 regions insts min/med/max=199/199/199 cuts(target/clamp)=0/1 growfail(blocks/size/stuck)=0/0/5
julia-function-splitting: privatized 0/0 tracked buffers (rejected: 0 shape, 0 coverage; rest store-only/odd-size)
julia-function-splitting: japi1_top-level scope_0: top level has 1 nodes
julia-function-splitting: times(ms) chunk=0 form=0 group=0 process=0 [remat=0 ce=0 io=0 spill=0] insts=101 iface(in avg/max=12/12 out avg/max=0/0 exits avg x100=100)
julia-function-splitting: japi1_top-level scope_0: formed 0 regions cuts(target/clamp)=0/0 growfail(blocks/size/stuck)=0/0/4
julia-function-splitting: julia_bench_f_0: formed 40 regions insts min/med/max=201/402/402 cuts(target/clamp)=39/1 growfail(blocks/size/stuck)=0/0/40
julia-function-splitting: privatized 0/0 tracked buffers (rejected: 0 shape, 0 coverage; rest store-only/odd-size)
julia-function-splitting: julia_bench_f_0: top level has 2 nodes
julia-function-splitting: times(ms) chunk=2 form=1 group=0 process=19 [remat=0 ce=2 io=0 spill=0] insts=673 iface(in avg/max=3/10 out avg/max=0/0 exits avg x100=100)
julia-function-splitting: julia_bench_f_0: formed 0 regions cuts(target/clamp)=0/0 growfail(blocks/size/stuck)=0/0/0
julia-function-splitting: julia__foldl_impl_0: formed 0 regions cuts(target/clamp)=0/0 growfail(blocks/size/stuck)=0/0/77
julia-function-splitting: julia__foldl_impl_0: formed 0 regions cuts(target/clamp)=0/0 growfail(blocks/size/stuck)=0/0/65
julia-function-splitting: japi1_top-level scope_0: formed 1 regions insts min/med/max=299/299/299 cuts(target/clamp)=0/1 growfail(blocks/size/stuck)=0/0/1
julia-function-splitting: privatized 0/0 tracked buffers (rejected: 0 shape, 0 coverage; rest store-only/odd-size)
julia-function-splitting: japi1_top-level scope_0: top level has 1 nodes
julia-function-splitting: times(ms) chunk=0 form=0 group=0 process=0 [remat=0 ce=2 io=0 spill=0] insts=40 iface(in avg/max=7/7 out avg/max=0/0 exits avg x100=100)
julia-function-splitting: japi1_top-level scope_0: formed 2 regions insts min/med/max=132/181/181 cuts(target/clamp)=0/2 growfail(blocks/size/stuck)=0/0/3
julia-function-splitting: privatized 1/1 tracked buffers (rejected: 0 shape, 0 coverage; rest store-only/odd-size)
julia-function-splitting: japi1_top-level scope_0: top level has 2 nodes
julia-function-splitting: times(ms) chunk=0 form=0 group=0 process=0 [remat=0 ce=2 io=0 spill=0] insts=46 iface(in avg/max=3/5 out avg/max=0/1 exits avg x100=200)
julia-function-splitting: japi1_printf_0: formed 1 regions insts min/med/max=330/330/330 cuts(target/clamp)=0/1 growfail(blocks/size/stuck)=0/0/2
julia-function-splitting: privatized 1/4 tracked buffers (rejected: 0 shape, 3 coverage; rest store-only/odd-size)
julia-function-splitting: japi1_printf_0: top level has 1 nodes
julia-function-splitting: times(ms) chunk=0 form=0 group=0 process=0 [remat=0 ce=2 io=0 spill=0] insts=42 iface(in avg/max=7/7 out avg/max=0/0 exits avg x100=100)
julia-function-splitting: julia_Format_0: formed 2 regions insts min/med/max=118/190/190 cuts(target/clamp)=0/2 growfail(blocks/size/stuck)=0/0/93
julia-function-splitting: privatized 0/0 tracked buffers (rejected: 0 shape, 0 coverage; rest store-only/odd-size)
julia-function-splitting: julia_Format_0: top level has 2 nodes
julia-function-splitting: times(ms) chunk=0 form=0 group=0 process=0 [remat=0 ce=2 io=0 spill=0] insts=708 iface(in avg/max=16/19 out avg/max=0/0 exits avg x100=200)
julia-function-splitting: julia_Format_0: formed 0 regions cuts(target/clamp)=0/0 growfail(blocks/size/stuck)=0/0/74
julia-function-splitting: julia_format_0: formed 22 regions insts min/med/max=173/400/411 cuts(target/clamp)=13/9 growfail(blocks/size/stuck)=0/0/189
julia-function-splitting: privatized 0/1 tracked buffers (rejected: 0 shape, 1 coverage; rest store-only/odd-size)
julia-function-splitting: julia_format_0: top level has 22 nodes
julia-function-splitting: times(ms) chunk=0 form=1 group=0 process=4 [remat=0 ce=2 io=0 spill=1] insts=4299 iface(in avg/max=29/33 out avg/max=0/0 exits avg x100=212)
julia-function-splitting: julia_fmt_0: formed 1 regions insts min/med/max=120/120/120 cuts(target/clamp)=0/1 growfail(blocks/size/stuck)=0/0/40
julia-function-splitting: privatized 0/0 tracked buffers (rejected: 0 shape, 0 coverage; rest store-only/odd-size)
julia-function-splitting: julia_fmt_0: top level has 1 nodes
julia-function-splitting: times(ms) chunk=0 form=0 group=0 process=0 [remat=0 ce=2 io=0 spill=1] insts=287 iface(in avg/max=9/9 out avg/max=0/0 exits avg x100=300)
julia-function-splitting: julia_fmt_1: formed 1 regions insts min/med/max=120/120/120 cuts(target/clamp)=0/1 growfail(blocks/size/stuck)=0/0/32
julia-function-splitting: privatized 0/0 tracked buffers (rejected: 0 shape, 0 coverage; rest store-only/odd-size)
julia-function-splitting: julia_fmt_1: top level has 1 nodes
julia-function-splitting: times(ms) chunk=0 form=0 group=0 process=0 [remat=0 ce=2 io=0 spill=1] insts=240 iface(in avg/max=9/9 out avg/max=0/0 exits avg x100=300)
julia-function-splitting: julia_fmt_2: formed 1 regions insts min/med/max=120/120/120 cuts(target/clamp)=0/1 growfail(blocks/size/stuck)=0/0/32
julia-function-splitting: privatized 0/0 tracked buffers (rejected: 0 shape, 0 coverage; rest store-only/odd-size)
julia-function-splitting: julia_fmt_2: top level has 1 nodes
julia-function-splitting: times(ms) chunk=0 form=0 group=0 process=0 [remat=0 ce=2 io=0 spill=1] insts=240 iface(in avg/max=9/9 out avg/max=0/0 exits avg x100=300)
julia-function-splitting: julia_fmt_3: formed 1 regions insts min/med/max=120/120/120 cuts(target/clamp)=0/1 growfail(blocks/size/stuck)=0/0/32
julia-function-splitting: privatized 0/0 tracked buffers (rejected: 0 shape, 0 coverage; rest store-only/odd-size)
julia-function-splitting: julia_fmt_3: top level has 1 nodes
julia-function-splitting: times(ms) chunk=0 form=0 group=0 process=0 [remat=0 ce=2 io=0 spill=1] insts=247 iface(in avg/max=9/9 out avg/max=0/0 exits avg x100=300)
julia-function-splitting: julia_fmt_5: formed 1 regions insts min/med/max=157/157/157 cuts(target/clamp)=0/1 growfail(blocks/size/stuck)=0/0/16
julia-function-splitting: privatized 0/0 tracked buffers (rejected: 0 shape, 0 coverage; rest store-only/odd-size)
julia-function-splitting: julia_fmt_5: top level has 1 nodes
julia-function-splitting: times(ms) chunk=0 form=0 group=0 process=0 [remat=0 ce=2 io=0 spill=1] insts=213 iface(in avg/max=14/14 out avg/max=0/0 exits avg x100=600)
julia-function-splitting: julia_fmt_6: formed 1 regions insts min/med/max=157/157/157 cuts(target/clamp)=0/1 growfail(blocks/size/stuck)=0/0/16
julia-function-splitting: privatized 0/0 tracked buffers (rejected: 0 shape, 0 coverage; rest store-only/odd-size)
julia-function-splitting: julia_fmt_6: top level has 1 nodes
julia-function-splitting: times(ms) chunk=0 form=0 group=0 process=0 [remat=0 ce=2 io=0 spill=1] insts=212 iface(in avg/max=13/13 out avg/max=0/0 exits avg x100=600)
julia-function-splitting: julia_fmt_7: formed 1 regions insts min/med/max=153/153/153 cuts(target/clamp)=0/1 growfail(blocks/size/stuck)=0/0/16
julia-function-splitting: privatized 0/0 tracked buffers (rejected: 0 shape, 0 coverage; rest store-only/odd-size)
julia-function-splitting: julia_fmt_7: top level has 1 nodes
julia-function-splitting: times(ms) chunk=0 form=0 group=0 process=0 [remat=0 ce=3 io=0 spill=1] insts=214 iface(in avg/max=14/14 out avg/max=0/0 exits avg x100=600)
julia-function-splitting: julia_fmt_9: formed 1 regions insts min/med/max=142/142/142 cuts(target/clamp)=0/1 growfail(blocks/size/stuck)=0/0/24
julia-function-splitting: privatized 0/0 tracked buffers (rejected: 0 shape, 0 coverage; rest store-only/odd-size)
julia-function-splitting: julia_fmt_9: top level has 1 nodes
julia-function-splitting: times(ms) chunk=0 form=0 group=0 process=0 [remat=0 ce=3 io=0 spill=1] insts=246 iface(in avg/max=14/14 out avg/max=0/0 exits avg x100=700)
julia-function-splitting: julia_fmt_10: formed 1 regions insts min/med/max=142/142/142 cuts(target/clamp)=0/1 growfail(blocks/size/stuck)=0/0/29
julia-function-splitting: privatized 0/0 tracked buffers (rejected: 0 shape, 0 coverage; rest store-only/odd-size)
julia-function-splitting: julia_fmt_10: top level has 1 nodes
julia-function-splitting: times(ms) chunk=0 form=0 group=0 process=0 [remat=0 ce=3 io=0 spill=1] insts=258 iface(in avg/max=13/13 out avg/max=0/0 exits avg x100=700)
julia-function-splitting: julia_mapreduce_impl_0: formed 0 regions cuts(target/clamp)=0/0 growfail(blocks/size/stuck)=0/0/6
julia-function-splitting: julia_format_0: formed 6 regions insts min/med/max=353/388/409 cuts(target/clamp)=2/4 growfail(blocks/size/stuck)=0/0/145
julia-function-splitting: privatized 0/5 tracked buffers (rejected: 5 shape, 0 coverage; rest store-only/odd-size)
julia-function-splitting: julia_format_0: top level has 6 nodes
julia-function-splitting: times(ms) chunk=0 form=0 group=0 process=0 [remat=0 ce=3 io=0 spill=1] insts=2314 iface(in avg/max=37/41 out avg/max=0/0 exits avg x100=200)
julia-function-splitting: julia_fmt_0: formed 0 regions cuts(target/clamp)=0/0 growfail(blocks/size/stuck)=0/0/30
julia-function-splitting: julia_fmt_1: formed 0 regions cuts(target/clamp)=0/0 growfail(blocks/size/stuck)=0/0/22
julia-function-splitting: julia_fmt_2: formed 0 regions cuts(target/clamp)=0/0 growfail(blocks/size/stuck)=0/0/22
julia-function-splitting: julia_fmt_3: formed 0 regions cuts(target/clamp)=0/0 growfail(blocks/size/stuck)=0/0/22
julia-function-splitting: julia_fmt_5: formed 0 regions cuts(target/clamp)=0/0 growfail(blocks/size/stuck)=0/0/16
julia-function-splitting: julia_fmt_6: formed 0 regions cuts(target/clamp)=0/0 growfail(blocks/size/stuck)=0/0/16
julia-function-splitting: julia_fmt_7: formed 0 regions cuts(target/clamp)=0/0 growfail(blocks/size/stuck)=0/0/16
julia-function-splitting: julia_fmt_9: formed 1 regions insts min/med/max=125/125/125 cuts(target/clamp)=0/1 growfail(blocks/size/stuck)=0/0/6
julia-function-splitting: privatized 0/0 tracked buffers (rejected: 0 shape, 0 coverage; rest store-only/odd-size)
julia-function-splitting: julia_fmt_9: top level has 1 nodes
julia-function-splitting: times(ms) chunk=0 form=0 group=0 process=0 [remat=0 ce=3 io=0 spill=1] insts=82 iface(in avg/max=15/15 out avg/max=0/0 exits avg x100=400)
julia-function-splitting: julia_fmt_10: formed 1 regions insts min/med/max=123/123/123 cuts(target/clamp)=0/1 growfail(blocks/size/stuck)=0/0/6
julia-function-splitting: privatized 0/0 tracked buffers (rejected: 0 shape, 0 coverage; rest store-only/odd-size)
julia-function-splitting: julia_fmt_10: top level has 1 nodes
julia-function-splitting: times(ms) chunk=0 form=0 group=0 process=0 [remat=0 ce=3 io=0 spill=1] insts=76 iface(in avg/max=13/13 out avg/max=0/0 exits avg x100=400)
julia-function-splitting: julia_mapreduce_impl_0: formed 0 regions cuts(target/clamp)=0/0 growfail(blocks/size/stuck)=0/0/6
